date, pm25, pm10, o3, no2, so2, co
2025/4/1,79,51,64,14,1,4
2025/4/2,118,37,40,13,1,3
2025/4/3,92,39,61,12,1,3
2025/4/4,83,52,68,15,1,5
2025/4/5,121,57,59,18,2,5
2025/4/6,141,54,78,13,2,4
2025/4/7,120,63,80,17,2,6
2025/4/8,118,68,90,20,2,7
2025/4/9,147,62,55,21,2,6
2025/4/10,148,58,43,20,3,5
2025/4/11,135,108,41,7,1,4
2025/4/12,82,91,40,6,1,3
2025/4/13,74,76,46,9,1,4
2025/4/14,78,48,62,13,1,5
2025/4/15,74,64,87,18,2,5
2025/4/16,92,64,57,17,1,4
2025/4/17,94,59,77,11,1,4
2025/4/18,97,51,55,8,1,4
2025/4/19,90,45,51,11,1,6
2025/4/20,100,33,44,8,1,4
2025/4/21,80,46,43,10,1,6
2025/4/22,121,57,88,13,1,6
2025/4/23,128,72,74,22,2,6
2025/4/24,149,51,41,11,1,2
2025/4/25,56,40,46,10,1,2
2025/4/26,53,38,42,13,1,3
2025/4/27,61,40,52,17,1,5
2025/4/28,94,40,55,12,1,3
2025/4/29,76,48,78,9,1,3
2025/4/30,70,50,58,9,1,5
2025/5/1,97,54,87,7,1,4
2025/5/2,86,48,54,5,1,5
2025/5/3,84,29,44,6,1,3
2025/5/4,47,31,36,8,1,5
2025/5/5,66,70,65,9,1,6
2025/5/6,135,57,54,7,1,3
2025/5/7,75,49,44,6,1,3
2025/5/8,61,21,43,6,1,3
2025/5/9,43,42,52,10,1,4
2025/5/10,76,33,65,7,2,3
2025/5/11,77,46,85,11,2,3
2025/5/12,100,46,85,6,2,3
2025/5/13,77,36,88,7,1,3
2025/5/14,70,42,65,15,1,4
2025/5/15,80,35,32,11,1,5
2025/5/16,96,47,70,13,1,6
2025/5/17,121,67,41,10,1,3
2025/5/18,78,37,66,11,2,4
2025/5/19,87,37,32,13,2,5
2025/5/20,100,31,32,14,2,7
2025/5/21,86,32,57,16,2,7
2025/5/22,83,9,33,7,2,6
2025/5/23,27,42,57,8,2,6
2025/5/24,94,40,60,12,3,7
2025/5/25,88,35,61,9,2,4
2025/5/26,82,34,63,7,2,3
2025/5/27,75,32,54,8,2,3
2025/5/28,68,31,54,8,2,3
2025/5/29,75,46,94,9,2,4
2025/5/30,111,47,76,8,2,4
2025/5/31,110,13,60,3,1,3
2025/6/1,41,12,38,8,1,4
2025/6/2,46,31,79,8,2,5
2025/6/3,78,53,114,11,2,5
2025/6/4,131,40,99,13,2,3
2025/6/5,80,43,88,6,2,3
2025/6/6,73,29,26,13,1,4
2025/6/7,73,15,36,8,1,3
2025/6/8,46,15,27,12,1,4
2025/6/9,48,20,24,11,1,4
2025/6/10,58,20,33,10,1,3
2025/6/11,63,16,36,8,1,3
2025/6/12,35,11,9,7, ,3
2025/6/13,34,27,45,9,1,4
2025/6/14,74,13,22,5,1,4
2025/6/15,38,26,77,5,1,3
2025/6/16,51,51,119,10,2,4
2025/6/17,91,47,70,12,2,3
2025/6/18,81,34,47,12,2,2
2025/6/19,79,23,39,7,2,1
2025/6/20,55,26,42,7,1,1
2025/6/21,61,9,37,6,1,1
2025/6/22,28,8,36,5, ,1
2025/6/23,8,19,35,6,1,3
2025/1/1,64,30,30,24,1,3
2025/1/2,63,46,32,19,1,4
2025/1/3,92,35,35,17,1,3
2025/1/4,67,47,31,19,1,4
2025/1/5,118,73,28,19,2,6
2025/1/6,147,50,16,20,2,6
2025/1/7,122,55,21,29,3,6
2025/1/8,137,34,23,10,1,3
2025/1/9,58,35,23,14,2,3
2025/1/10,60,44,15,23,2,4
2025/1/11,102,59,26,25,2,5
2025/1/12,122,64,35,25,2,5
2025/1/13,153,69,35,32,3,6
2025/1/14,160,44,23,10,1,3
2025/1/15,66,49,13,23,3,5
2025/1/16,86,57,18,34,3,6
2025/1/17,132,53,35,20,1,4
2025/1/18,136,63,33,29,3,6
2025/1/19,156,88,33,49,4,10
2025/1/20,183,66,36,24,2,6
2025/1/21,162,23,40,13,1,3
2025/1/22,66,31,29,20, ,3
2025/1/23,75,33,35,15,1,3
2025/1/24,76,34,32,8,1,3
2025/1/25,56,31,32,7,1,4
2025/1/26,82,54,31,4,1,4
2025/1/27,94,37,36,4,2,5
2025/1/28,68,61,36,7,4,8
2025/1/29,139,37,42,5,1,2
2025/1/30,80,25,30,9,1,3
2025/1/31,72,22,28,5, ,3
2025/2/1,56,55,29,6,1,5
2025/2/2,103,52,31,6,1,6
2025/2/3,126,43,35,8,1,5
2025/2/4,112,43,35,11,1,4
2025/2/5,108,30,30,7,2,3
2025/2/6,69,52,26,8,1,3
2025/2/7,79,30,27,6,2,3
2025/2/8,58,32,29,10,2,4
2025/2/9,78,33,33,11,2,4
2025/2/10,95,22,30,8,1,3
2025/2/11,62,47,30,12,1,6
2025/2/12,125,34,29,9,1,4
2025/2/13,70,28,27,12,1,4
2025/2/14,51,38,19,21,1,6
2025/2/15,107,72,36,19,2,8
2025/2/16,167,45,31,9,1,5
2025/2/17,90,36,33,13,2,5
2025/2/18,71,33,37,11,1,4
2025/2/19,80,27,33,9,1,3
2025/2/20,57,29,35,10,1,2
2025/2/21,61,41,42,13,1,3
2025/2/22,111,40,35,10,1,4
2025/2/23,110,48,39,13,2,5
2025/2/24,129,51,31,19,2,5
2025/2/25,128,75,38,26,3,7
2025/2/26,172,79,39,19,1,7
2025/2/27,175,49,8,24,1,6
2025/2/28,135,57,29,32,2,6
2025/3/1,138,51,56,19,2,4
2025/3/2,124,19,29,12,1,4
2025/3/3,56,17,28,14,1,3
2025/3/4,51,18,30,10,1,3
2025/3/5,43,32,39,10,1,4
2025/3/6,74,41,37,14,1,3
2025/3/7,89,45,47,14,2,4
2025/3/8,113,29,40,12,1,2
2025/3/9,77,29,27,20,1,3
2025/3/10,80,43,23,17,1,3
2025/3/11,120,24,23,16,1,4
2025/3/12,72,33,29,14,1,3
2025/3/13,70,39,28,15,1,3
2025/3/14,58,20,31,7,1,3
2025/3/15,44,41,32,10,1,3
2025/3/16,93,37,37,13,2,3
2025/3/17,93,41,37,11,1,3
2025/3/18,77,32,36,12,2,3
2025/3/19,67,48,58,21,2,3
2025/3/20,113,52,59,26,2,4
2025/3/21,126,55,64,27,2,4
2025/3/22,130,62,67,21,2,3
2025/3/23,138,56,62,14,1,3
2025/3/24,110,76,64,24,2,4
2025/3/25,134,69,98,19,2,5
2025/3/26,155,65,39,11,1,5
2025/3/27,122,44,28,8,1,4
2025/3/28,68,55,34,11,1,4
2025/3/29,95,29,39,7,1,2
2025/3/30,52,32,46,7,1,2
2025/3/31,56,36,49,10,1,3
2024/10/1,32,30,37,4,1,3
2024/10/2,41,24,38,4,2,2
2024/10/3,40,25,37,5,2,2
2024/10/4,37,19,34,6,1,3
2024/10/5,28,9,32,5,1,3
2024/10/6,25,10,35,5,1,3
2024/10/7,27,36,35,8,2,5
2024/10/8,90,35,40,11,2,4
2024/10/9,71,51,65,21,3,7
2024/10/10,123,54,64,21,2,5
2024/10/11,141,47,55,14,2,4
2024/10/12,112,23,45,9,1,3
2024/10/13,42,31,30,13,2,4
2024/10/14,62,40,27,14,2,6
2024/10/15,110,25,30,12,1,4
2024/10/16,70,32,34,10, ,4
2024/10/17,68,36,47,9,2,4
2024/10/18,81,30,29,6,1,4
2024/10/19,55,35,29,8,1,4
2024/10/20,52,36,17,16,2,8
2024/10/21,86,41,22,12,2,7
2024/10/22,111,37,30,9,2,5
2024/10/23,95,26,34,6,2,3
2024/10/24,50,35,36,7,2,3
2024/10/25,48,9,21,10,2,3
2024/10/26,27,11,2,21,2,4
2024/10/27,46, , , , , 
2024/11/27,68,66,25,12,1,3
2024/11/28,62,46,22,16,1,3
2024/11/29,58,55,27,29,2,5
2024/11/30,104,50,33,24,1,4
2024/12/1,104,62,28,36,3,7
2024/12/2,146,55,30,15,2,5
2024/12/3,125,28,30,13,2,3
2024/12/4,59,34,28,15,1,4
2024/12/5,94,79,27,22,2,7
2024/12/6,175,74,35,15,2,6
2024/12/7,165,27,26,10,1,3
2024/12/8,60,23,23,16,1,3
2024/12/9,58,27,21,18,1,4
2024/12/10,71,34,27,17,1,6
2024/12/11,95,37,25,15,1,5
2024/12/12,91,43,23,15,1,4
2024/12/13,98,54,21,17,2,5
2024/12/14,121,54,23,21,2,5
2024/12/15,113,51,24,28,2,5
2024/12/16,119,54,27,38,2,7
2024/12/17,139,46,24,19,1,6
2024/12/18,115,32,15,16,1,4
2024/12/19,71,37,22,22,2,4
2024/12/20,90,61,25,22,2,5
2024/12/21,146,37,21,13,1,4
2024/12/22,87,30,19,14,1,4
2024/12/23,68,32,23,18,2,4
2024/12/24,85,44,9,34,1,4
2024/12/25,110,74,34,25,2,7
2024/12/26,157,40,26,15,1,4
2024/12/27,78,51,20,16,2,5
2024/12/28,95,58,25,26,2,5
2024/12/29,118, , , , , 
2024/7/1,77,24,38,6,2,3
2024/7/2,62,26,61,8,3,3
2024/7/3,56,37,59,10,2,4
2024/7/4,79,43,10,21,2,5
2024/7/5,86,48,80,8,4,4
2024/7/6,83,39,68,8,2,4
2024/7/7,84,33,64,8,2,4
2024/7/8,82,38,68,9,2,4
2024/7/9,77,34,29,9,1,5
2024/7/10,76,18,34,10,1,5
2024/7/11,56,21,23,11,2,5
2024/7/12,67,37,28,12,2,5
2024/7/13,99,49,42,8,1,5
2024/7/14,128,52,44,13,3,5
2024/7/15,97,26,43,7,3,4
2024/7/16,54,32,66,6,3,4
2024/7/17,59,32,42,9,2,4
2024/7/18,74,37,75,10,4,4
2024/7/19,85,34,76,7,3,4
2024/7/20,70,32,82,7,5,4
2024/7/21,66,26,61,5,3,3
2024/7/22,52,23,37,4,2,3
2024/7/23,43,23,19,3,1,3
2024/7/24,39,27,19,3,1,3
2024/7/25,39,30,18,3,1,3
2024/7/26,48,28,23,2,1,3
2024/7/27,45,25,30,2,1,3
2024/7/28,44,20,41,4,2,3
2024/7/29,37,20,37,4,1,3
2024/7/30,35,30,70,5,2,4
2024/7/31,58,32,53,7,1,4
2024/8/1,69,43,115,10,2,6
2024/8/2,93,40,75,8,1,5
2024/8/3,94,31,67,6,2,4
2024/8/4,69,32,64,5,2,4
2024/8/5,72,29,41,4,2,3
2024/8/6,68,30,41,5,2,4
2024/8/7,72,33,71,10,1,4
2024/8/8,76,32,77,8,1,3
2024/8/9,69,35,83,6,2,4
2024/8/10,75,41,78,6,2,5
2024/8/11,88,42,55,10,1,6
2024/8/12,102,38,55,5,1,5
2024/8/13,94,21,45,6,1,4
2024/8/14,50,25,38,6,1,4
2024/8/15,63,33,30,7,1,2
2024/8/16,83,24,34,6,1,2
2024/8/17,59,17,29,5,1,2
2024/8/18,46,19,28,6,1,2
2024/8/19,41,27,55,5,1,2
2024/8/20,57,21,41,7,1,3
2024/8/21,48,34,81,6,1,4
2024/8/22,87,31,93,8,1,4
2024/8/23,72,26,43,5,1,3
2024/8/24,67,26,45,6,1,3
2024/8/25,61,23,45,6,1,2
2024/8/26,56,36,59,11,1,4
2024/8/27,83,35,30,7,1,5
2024/8/28,81,23,29,6,2,4
2024/8/29,48,28,42,8,1,4
2024/8/30,59,25,60,8,1,3
2024/8/31,57,35,83,7,1,4
2024/9/1,71,33,82,7,1,5
2024/9/2,78,22,28,8,1,4
2024/9/3,61,23,45,7,1,4
2024/9/4,58,22,42,6,1,3
2024/9/5,53,36,30,7,2,3
2024/9/6,81,44,34,7,2,3
2024/9/7,98,29,24,7,1,3
2024/9/8,67,20,23,6,1,3
2024/9/9,48,29,27,7,1,3
2024/9/10,69,14,14,5,1,3
2024/9/11,26,23,43,6,1,3
2024/9/12,51,20,31,5,1,2
2024/9/13,30,18,17,7,1,2
2024/9/14,40,22,24,3,1,3
2024/9/15,45,10,21,2,1,3
2024/9/16,22,20,21,3,1,2
2024/9/17,27,23,18,5,1,2
2024/9/18,42,22,9,4, ,3
2024/9/19,34,15,17,9, ,4
2024/9/20,33,18,24,6, ,4
2024/9/21,39,34,34,6,1,3
2024/9/22,50,27,38,7,1,3
2024/9/23,41,22,27,12,1,4
2024/9/24,52,18,18,16, ,4
2024/9/25,58,17,27,15,2,4
2024/9/26,44,26,51,9,1,3
2024/9/27,50,33,48,7,1,4
2024/9/28,64,30,35,8,1,3
2024/9/29,51,31,31,6,2,3
2024/9/30,65,17,30,4,1,3
2024/4/1,118,25,38,14,1,5
2024/4/2,66,24,33,8,1,5
2024/4/3,73,44,47,7,2,4
2024/4/4,86,51,51,7,2,4
2024/4/5,90,35,38,9,1,4
2024/4/6,88,32,36,13,1,4
2024/4/7,84,26,35,13,1,5
2024/4/8,77,52,59,22,2,5
2024/4/9,128,54,56,11,1,3
2024/4/10,128,46,43,11,1,3
2024/4/11,88,22,24,14,1,3
2024/4/12,70,21,30,10,1,3
2024/4/13,69,21,27,11,1,4
2024/4/14,59,45,57,11,1,6
2024/4/15,121,40,31,17,1,5
2024/4/16,109,21,33,11,1,3
2024/4/17,53,72,35,14,2,6
2024/4/18,96,109,40,10,1,2
2024/4/19,113,42,49,7,1,5
2024/4/20,91,31,37,9,1,5
2024/4/21,82,31,34,13,1,4
2024/4/22,90,33,39,10,1,4
2024/4/23,98,46,55,11,2,5
2024/4/24,90,34,46,10, ,2
2024/4/25,49,33,44,7,1,2
2024/4/26,66,23,33,9,1,3
2024/4/27,69,22,30,10,1,4
2024/4/28,67,33,31,10,1,5
2024/4/29,94,31,41,11,1,4
2024/4/30,84,33,45,8,2,4
2024/5/1,82,33,43,8,1,3
2024/5/2,66,29,54,8,1,3
2024/5/3,63,29,40,9,1,3
2024/5/4,79,26,28,9,1,5
2024/5/5,77,45,73,9,1,6
2024/5/6,117,49,75,10,2,5
2024/5/7,118,33,41,11,2,4
2024/5/8,82,22,39,10,1,2
2024/5/9,51,30,65,7,1,2
2024/5/10,53,40,30,11,1,4
2024/5/11,94,67,42,7,2,4
2024/5/12,88,60,57,14,2,3
2024/5/13,73,35,85,10,2,2
2024/5/14,58,43,55,8,1,3
2024/5/15,75,33,67,11,2,2
2024/5/16,65,38,81,8,2,2
2024/5/17,59,34,62,5, ,3
2024/5/18,54,31,39,3,1,2
2024/5/19,67,25,35,4,1,2
2024/5/20,53,27,36,6,2,3
2024/5/21,59,34,44,9,2,3
2024/5/22,79,22,42,5,1,4
2024/5/23,55,19,40,4,1,4
2024/5/24,51,22,35,4,1,4
2024/5/25,60,29,58,7,1,5
2024/5/26,75,22,37,5,1,4
2024/5/27,64,20,49,6,2,3
2024/5/28,47,24,50,7,2,3
2024/5/29,53,32,63,7,1,4
2024/5/30,67,44,30,10,1,8
2024/5/31,121,47,50,11,2,6
2024/6/1,123,21,51,10,2,3
2024/6/2,54,38,104,12,2,4
2024/6/3,77,44,82,6,2,4
2024/6/4,98,25,43,6,1,3
2024/6/5,63,14,49,5,1,3
2024/6/6,47,18,43,6,1,3
2024/6/7,52,21,51,7,2,4
2024/6/8,63,31,96,11,2,4
2024/6/9,83,27,47,7,1,3
2024/6/10,63,13,43,5,1,3
2024/6/11,42,25,37,10, ,4
2024/6/12,76,46,59,8,1,4
2024/6/13,127,36,58,7,1,4
2024/6/14,93,26,59,9,1,4
2024/6/15,67,25,47,9,1,3
2024/6/16,66,17,42,6,1,3
2024/6/17,51,23,57,7,1,3
2024/6/18,55,17,33,9,1,3
2024/6/19,48,20,28,8, ,5
2024/6/20,62,32,7,17, ,6
2024/6/21,91,32,27,11, ,6
2024/6/22,91,19,29,6, ,5
2024/6/23,55,26,29,8, ,5
2024/6/24,72,28,28,9, ,5
2024/6/25,76,20,29,9, ,4
2024/6/26,61,13,23,7, ,5
2024/6/27,45,17,16,9,1,4
2024/6/28,51,30,29,9,2,3
2024/6/29,74,19,17,10,2,3
2024/6/30,52,27,37,9,2,3
2024/1/1,141,44,28,21,1,5
2024/1/2,102,65,28,18,1,9
2024/1/3,159,78,36,28,2,10
2024/1/4,174,65,23,32,3,8
2024/1/5,161,91,33,35,3,12
2024/1/6,186,46,28,12,2,6
2024/1/7,121,21,20,16,1,3
2024/1/8,51,59,22,29,2,7
2024/1/9,137,73,22,15,2,8
2024/1/10,169,72,28,27,2,8
2024/1/11,168,78,25,40,3,8
2024/1/12,172,91,41,43,3,10
2024/1/13,187,73,42,16,2,6
2024/1/14,161,33,27,7,1,4
2024/1/15,66,24,29,13,1,3
2024/1/16,33,39,31,20,2,4
2024/1/17,57,45,9,17,1,7
2024/1/18,123,37,22,10,2,6
2024/1/19,105,33,10,15,1,8
2024/1/20,98,45,26,10,1,6
2024/1/21,118,34,24,7,2,4
2024/1/22,82,31,24,9,2,5
2024/1/23,72,40,20,16,4,7
2024/1/24,90,49,22,27,4,7
2024/1/25,119,59,21,31,4,7
2024/1/26,155,68,19,34,4,8
2024/1/27,165,71,29,28,4,8
2024/1/28,168,68,35,22,3,6
2024/1/29,164,29,26,17,2,4
2024/1/30,88,23,13,21, ,5
2024/1/31,73,18,30,11,1,4
2024/2/1,52,25,27,5,1,3
2024/2/2,46,13,25,6,1,5
2024/2/3,46,24,24,11,1,6
2024/2/4,70,35,25,7,1,6
2024/2/5,103,51,27,8,1,6
2024/2/6,139,34,36,6,1,6
2024/2/7,94,47,43,7,2,7
2024/2/8,126,79,57,10,3,9
2024/2/9,176,93,44,11,3,7
2024/2/10,194,78,44,11,3,6
2024/2/11,157,74,54,7,2,4
2024/2/12,141,47,44,4,2,3
2024/2/13,89,43,43,7,2,4
2024/2/14,105,36,33,6,1,4
2024/2/15,90,27,37,3,2,2
2024/2/16,51,25,41,5,1,2
2024/2/17,55,26,32,6,1,4
2024/2/18,61,36,21,9,1,5
2024/2/19,92,23,24,5,1,4
2024/2/20,56,11,22,6,1,5
2024/2/21,35,19,21,6, ,4
2024/2/22,59,34,22,10,1,5
2024/2/23,97,37,19,11,1,6
2024/2/24,106,57,35,8,1,5
2024/2/25,153,52,39,6,2,5
2024/2/26,118,50,35,10,2,5
2024/2/27,96,23,25,16,1,4
2024/2/28,67,13,36,15,1,6
2024/2/29,49,37,35,4,1,3
2024/3/1,63,45,38,10,2,4
2024/3/2,110,51,47,13,2,4
2024/3/3,134,29,39,15,2,3
2024/3/4,73,26,30,19,1,8
2024/3/5,81,45,35,10,2,6
2024/3/6,106,41,33,12,2,5
2024/3/7,85,55,42,11,1,5
2024/3/8,137,57,45,16,2,4
2024/3/9,151,38,41,8,1,2
2024/3/10,93,42,30,17,1,4
2024/3/11,107,64,43,20,2,7
2024/3/12,155,41,41,13,1,3
2024/3/13,91,46,21,29,2,4
2024/3/14,98,37,43,18,1,3
2024/3/15,81,33,29,16,1,4
2024/3/16,87,71,34,13,1,5
2024/3/17,114,52,31,10,2,3
2024/3/18,70,75,39,14,2,4
2024/3/19,113,93,40,15,1,3
2024/3/20,89,59,60,12,2,3
2024/3/21,81,64,63,12,2,4
2024/3/22,88,71,21,35,3,6
2024/3/23,131,60,24,26,3,9
2024/3/24,149,43,25,17,1,5
2024/3/25,115,29,37,9,1,5
2024/3/26,87,31,45,8,1,4
2024/3/27,84,38,27,14,2,6
2024/3/28,108,56,58,17,2,6
2024/3/29,125,59,70,28,3,5
2024/3/30,119,57,45,15,2,6
2024/3/31,137,60,65,17,2,5
2023/10/1,57,23,39,5,1,3
2023/10/2,32,25,37,5,1,3
2023/10/3,36,24,40,2,1,3
2023/10/4,40,38,36,2,1,3
2023/10/5,48,30,34,2,1,3
2023/10/6,36,21,33,4,1,3
2023/10/7,32,17,35,3,1,2
2023/10/8,33,33,34,9,2,4
2023/10/9,67,41,46,6,2,4
2023/10/10,92,28,45,6,2,3
2023/10/11,63,26,37,10,1,3
2023/10/12,61,17,36,9,1,4
2023/10/13,58,55,54,20,2,7
2023/10/14,140,59,59,19,2,7
2023/10/15,150,63,67,25,3,9
2023/10/16,150,51,67,19,2,5
2023/10/17,126,43,78,12,2,4
2023/10/18,100,54,77,19,5,6
2023/10/19,130,29,33,11,2,4
2023/10/20,59,36,31,11,2,5
2023/10/21,52,36,44,11,1,4
2023/10/22,60,28,46,9,1,4
2023/10/23,46,32,51,13,2,4
2023/10/24,66,52,60,21,2,6
2023/10/25,130,54,73,17,2,5
2023/10/26,130,51,52,18,2,5
2023/10/27,111,31,43,17,2,3
2023/10/28,46,40,54,11,2,3
2023/10/29,54,35,43,10,1,4
2023/10/30,59,37,61,13,2,4
2023/10/31,71,37,59,12,2,4
2023/11/1,70,30,54,8,2,3
2023/11/2,54,42,55,14,2,3
2023/11/3,80,30,31,10,1,3
2023/11/4,66,23,35,5,1,3
2023/11/5,41,33,28,8,1,4
2023/11/6,72,48,32,14,3,5
2023/11/7,75,46,33,15,2,4
2023/11/8,80,51,34,22,2,6
2023/11/9,114,29,32,4,1,4
2023/11/10,60,32,27,5,1,3
2023/11/11,46,27,23,9,1,5
2023/11/12,78,31,24,11,2,5
2023/11/13,73,39,27,18,2,6
2023/11/14,92,65,32,29,3,9
2023/11/15,162,75,28,19,1,7
2023/11/16,156,91,25,14,2,3
2023/11/17,91,45,22,17,3,4
2023/11/18,76,55,31,29,2,5
2023/11/19,107,67,35,35,2,8
2023/11/20,157,53,47,21,1,5
2023/11/21,129,51,39,27,1,5
2023/11/22,114,79,50,28,3,8
2023/11/23,163,39,29,6,1,3
2023/11/24,49,26,28,12,1,3
2023/11/25,39,37,26,16,1,4
2023/11/26,63,64,36,19,2,7
2023/11/27,144,73,37,20,2,8
2023/11/28,158,63,42,16,2,6
2023/11/29,129,32,26,9,2,4
2023/11/30,65,42,23,12,2,3
2023/12/1,83,43,22,20,2,4
2023/12/2,92,55,25,30,3,6
2023/12/3,143,57,26,32,1,6
2023/12/4,150,67,28,31,2,7
2023/12/5,164,80,29,27,2,6
2023/12/6,157,100,35,29,2,7
2023/12/7,147,64,33,24,1,5
2023/12/8,110,63,25,31,3,6
2023/12/9,123,44,16,26,1,5
2023/12/10,105,19,19,10, ,5
2023/12/11,63,40,17,12,1,6
2023/12/12,107,49,18,19,1,6
2023/12/13,104,46,22,23,2,6
2023/12/14,108,34,13,17,1,9
2023/12/15,87,41,24,7,1,6
2023/12/16,103,30,24,8,2,5
2023/12/17,67,18,19,12,1,5
2023/12/18,49,19,18,14,1,6
2023/12/19,63,48,24,12,2,6
2023/12/20,112,34,26,9,2,5
2023/12/21,73,35,22,13,2,5
2023/12/22,76,44,12,23,2,5
2023/12/23,106,62,22,27,4,8
2023/12/24,150,67,23,30,4,9
2023/12/25,161,69,24,29,2,7
2023/12/26,165,50,21,26,2,5
2023/12/27,133,57,17,34,2,8
2023/12/28,142,54,23,20,1,5
2023/12/29,141,68,21,23,1,7
2023/12/30,152,109,32,16,2,12
2023/12/31,213,59,28,15,1,6
2023/7/1,71,44,60,10,1,5
2023/7/2,110,38,59,12,1,5
2023/7/3,93,33,53,9,1,4
2023/7/4,81,30,58,8,1,5
2023/7/5,73,46,62,12,1,5
2023/7/6,112,44,41,13,1,5
2023/7/7,84,29,29,13,1,5
2023/7/8,78,38,38,10,1,5
2023/7/9,98,34,28,14,1,4
2023/7/10,70,51,89,9,1,4
2023/7/11,92,47,91,8,1,4
2023/7/12,95,31,74,8,1,4
2023/7/13,88,35,92,9,2,4
2023/7/14,88,37,83,10,1,4
2023/7/15,83,24,19,11,1,4
2023/7/16,60,20,21,5,1,2
2023/7/17,32,16,24,6,1,3
2023/7/18,40,20,25,11,1,2
2023/7/19,40,19,16,11,1,3
2023/7/20,52,27,43,9,1,4
2023/7/21,70,27,35,9,1,3
2023/7/22,64,27,47,6,1,3
2023/7/23,56,37,44,8,1,4
2023/7/24,73,23,34,5,1,3
2023/7/25,43,23,22,4,1,2
2023/7/26,33,18,12,4,1,2
2023/7/27,25,21,11,4,1,2
2023/7/28,30,20,10,4,1,2
2023/7/29,32,21,21,5,1,2
2023/7/30,35,23,20,5,1,2
2023/7/31,53,21,18,4,1,2
2023/8/1,45,26,18,5,1,3
2023/8/2,51,31,18,4,1,2
2023/8/3,52,28,15,3,2,4
2023/8/4,46,27,19,4,1,3
2023/8/5,48,31,40,8,1,4
2023/8/6,61,27,32,5,1,3
2023/8/7,51,28,42,3,1,4
2023/8/8,58,35,36,6,1,5
2023/8/9,66,40,89,5,1,5
2023/8/10,79,50,117,6,1,5
2023/8/11,99,43,105,4,1,4
2023/8/12,93,25,56,3,1,3
2023/8/13,56,22,30,4,1,3
2023/8/14,46,22,26,5,1,3
2023/8/15,54,32,37,11,1,3
2023/8/16,64,27,40,12,1,4
2023/8/17,67,27,44,16,1,4
2023/8/18,61,32,39,5,1,3
2023/8/19,63,25,36,4,1,3
2023/8/20,50,28,79,5,1,3
2023/8/21,54,31,74,7,1,5
2023/8/22,75,28,44,7,1,7
2023/8/23,79,43,59,9,1,5
2023/8/24,77,27,69,6,1,4
2023/8/25,61,29,58,6,1,3
2023/8/26,55,18,26,5,1,3
2023/8/27,38,16,32,6,1,4
2023/8/28,38,13,24,9,1,5
2023/8/29,44,11,35,7,1,3
2023/8/30,35,31,35,12,1,5
2023/8/31,75,25,42,8,1,3
2023/9/1,50,35,55,4,1,4
2023/9/2,64,30,51,7,1,4
2023/9/3,60,21,16,8,1,3
2023/9/4,47,25,22,8,1,3
2023/9/5,56,24,25,6,1,3
2023/9/6,58,34,41,6,1,4
2023/9/7,73,25,46,6,1,4
2023/9/8,59,27,54,8,1,4
2023/9/9,55,30,65,7,1,4
2023/9/10,53,30,59,8,1,4
2023/9/11,58,20,34,7, ,4
2023/9/12,53,23,29,8,1,4
2023/9/13,49,17,23,9,1,4
2023/9/14,48,20,18,16,1,4
2023/9/15,56,27,18,17,1,6
2023/9/16,76,43,86,13,2,7
2023/9/17,111,43,73,8,1,5
2023/9/18,106,28,55,7,1,4
2023/9/19,63,21,36,7,1,4
2023/9/20,43,20,34,8,1,3
2023/9/21,44,16,27,9,1,3
2023/9/22,41,14,31,12,1,3
2023/9/23,39,18,25,12,1,3
2023/9/24,39,37,32,18,1,5
2023/9/25,75,38,45,11,1,6
2023/9/26,100,39,53,10,1,5
2023/9/27,106,38,38,11,1,6
2023/9/28,104,39,60,5,1,6
2023/9/29,104,34,37,4,1,8
2023/9/30,93,35,43,4,1,4
2023/4/1,103,48,60,23,2,4
2023/4/2,95,48,51,9,1,3
2023/4/3,81,26,38,8,1,3
2023/4/4,59,35,30,9,1,5
2023/4/5,101,46,29,14,1,6
2023/4/6,129,59,45,13,2,6
2023/4/7,148,49,49,14,2,4
2023/4/8,95,45,74,14,2,3
2023/4/9,81,47,73,12,2,3
2023/4/10,78,99,46,15,2,5
2023/4/11,100,215,37,10,2,3
2023/4/12,144,145,32,13,2,3
2023/4/13,135,73,30,19,2,6
2023/4/14,129,52,46,12,1,5
2023/4/15,103,66,65,12,2,5
2023/4/16,108,63,65,9,2,4
2023/4/17,97,69,62,19,2,6
2023/4/18,106,30,34,11,2,4
2023/4/19,70,36,35,10,2,3
2023/4/20,66,50,41,7,2,3
2023/4/21,72,87,40,8,2,2
2023/4/22,86,85,39,8,1,2
2023/4/23,89,37,37,7,1,2
2023/4/24,60,40,31,13,2,4
2023/4/25,82,54,54,12,2,5
2023/4/26,137,56,73,10,2,3
2023/4/27,131,53,67,15,2,4
2023/4/28,118,69,25,14,1,5
2023/4/29,138,76,64,14,2,3
2023/4/30,106,65,88,17,2,4
2023/5/1,109,54,59,6,2,3
2023/5/2,66,42,43,6,1,4
2023/5/3,70,25,38,9,1,4
2023/5/4,65,25,32,11,1,6
2023/5/5,71,40,37,10,1,7
2023/5/6,100,19,32,8,1,4
2023/5/7,53,32,43,7,2,3
2023/5/8,74,37,56,14,2,3
2023/5/9,77,30,50,11,2,3
2023/5/10,67,42,38,22,2,4
2023/5/11,86,67,94,24,3,5
2023/5/12,160,68,114,16,2,6
2023/5/13,160,64,101,16,2,6
2023/5/14,150,60,92,17,2,5
2023/5/15,126,48,70,10,2,4
2023/5/16,78,18,38,7,1,4
2023/5/17,46,27,36,9, ,5
2023/5/18,77,18,33,10,1,4
2023/5/19,46,30,54,11,1,3
2023/5/20,80,37,47,10,1,3
2023/5/21,96,76,31,9,2,3
2023/5/22,95,68,55,16,2,4
2023/5/23,107,56,45,19,2,4
2023/5/24,92,53,74,9,2,4
2023/5/25,103,51,41,11,1,4
2023/5/26,86,31,36,6,1,4
2023/5/27,67,38,58,7,1,4
2023/5/28,66,36,84,12,1,5
2023/5/29,75,35,31,12,1,4
2023/5/30,94,27,28,12,1,4
2023/5/31,68,30,39,12,1,5
2023/6/1,73,42,98,11,2,6
2023/6/2,96,46,52,8,1,4
2023/6/3,102,35,47,9,1,4
2023/6/4,68,37,37,9,1,5
2023/6/5,86,34,51,8, ,7
2023/6/6,93,40,44,11,1,5
2023/6/7,112,39,89,9,1,6
2023/6/8,106,46,100,13,1,7
2023/6/9,118,38,94,9,1,5
2023/6/10,83,29,50,10,1,5
2023/6/11,84,17,33,6,1,4
2023/6/12,42,15,18,9,1,4
2023/6/13,42,32,76,9,1,5
2023/6/14,84,46,77,15,1,6
2023/6/15,117,48,78,12,1,4
2023/6/16,120,16,47,9,1,3
2023/6/17,46,16,22,18,1,4
2023/6/18,52,14,26,17, ,4
2023/6/19,50,32,57,12,1,6
2023/6/20,87,55,98,20,1,6
2023/6/21,138,60,61,13,1,5
2023/6/22,129,49,53,11,1,4
2023/6/23,107,11,44,8,1,3
2023/6/24,26,22,38,10,1,4
2023/6/25,56,30,36,11,1,4
2023/6/26,67,34,50,13,1,4
2023/6/27,70,38,73,9,1,4
2023/6/28,77,43,62,11,1,4
2023/6/29,80,32,25,10,1,5
2023/6/30,66,32,68,7,1,5
2023/1/2,127,20,28,12,1,3
2023/1/3,49,37,36,19,3,4
2023/1/4,95,40,25,27,2,4
2023/1/5,95,62,39,29,2,6
2023/1/6,146,83,36,29,4,9
2023/1/7,174,68,42,18,3,4
2023/1/8,129,67,47,19,2,5
2023/1/9,140,29,28,13,1,2
2023/1/10,50,35,31,19,1,3
2023/1/11,68,23,27,13, ,3
2023/1/12,66,19,13,20,1,6
2023/1/13,64,15,23,9,1,4
2023/1/14,51,26,23,7,1,4
2023/1/15,67,41,24,9,2,4
2023/1/16,85,45,30,11,2,6
2023/1/17,116,58,34,13,2,6
2023/1/18,137,70,35,18,2,5
2023/1/19,123,85,34,10,2,4
2023/1/20,126,59,35,5,1,2
2023/1/21,60,15,24,7,1,3
2023/1/22,47,27,30,5,1,3
2023/1/23,59,41,28,3,1,4
2023/1/24,80,26,29,5,1,3
2023/1/25,50,42,31,9,2,4
2023/1/26,103,52,30,6,2,4
2023/1/27,92,50,32,9,3,5
2023/1/28,88,53,38,13,2,4
2023/1/29,104,56,41,20,3,5
2023/1/30,127,45,37,17,3,4
2023/1/31,112,57,46,26,2,6
2023/2/1,123,43,28,7, ,2
2023/2/2,45,46,26,8,1,3
2023/2/3,51,29,29,13,1,2
2023/2/4,54,39,38,13,1,3
2023/2/5,90,22,27,16,1,3
2023/2/6,70,24,37,10,1,3
2023/2/7,71,44,37,12,1,4
2023/2/8,105,31,33,13,1,4
2023/2/9,67,20,31,11,1,4
2023/2/10,60,17,30,13, ,3
2023/2/11,51,19,26,15,1,4
2023/2/12,56,33,37,8,2,5
2023/2/13,69,35,30,8,1,3
2023/2/14,59,37,29,11,1,3
2023/2/15,85,39,31,13,3,4
2023/2/16,89,39,26,19,2,3
2023/2/17,85,55,32,29,3,6
2023/2/18,124,63,34,15,2,8
2023/2/19,142,49,41,13,3,4
2023/2/20,90,29,30,8,1,2
2023/2/21,50,29,29,11,1,3
2023/2/22,48,24,24,13,2,3
2023/2/23,56,36,36,13,2,5
2023/2/24,99,42,33,9,1,3
2023/2/25,90,32,36,10,2,2
2023/2/26,66,29,37,11,1,2
2023/2/27,70,38,39,20,3,3
2023/2/28,83,60,54,22,2,6
2023/3/1,151,48,38,14,2,4
2023/3/2,106,34,31,15, ,2
2023/3/3,54,41,33,20,1,2
2023/3/4,83,42,49,18,2,2
2023/3/5,92,55,72,22,2,3
2023/3/6,118,63,62,20,2,3
2023/3/7,110,61,43,22,3,5
2023/3/8,116,71,65,21,2,6
2023/3/9,159,77,77,27,3,5
2023/3/10,149,56,62,13,2,3
2023/3/11,96,58,35,11,2,5
2023/3/12,97,48,34,9,2,2
2023/3/13,57,50,50,11,2,3
2023/3/14,60,51,52,15,3,4
2023/3/15,91,67,35,8,1,3
2023/3/16,68,24,31,10,1,3
2023/3/17,40,35,29,11,2,4
2023/3/18,73,39,36,13,2,3
2023/3/19,70,42,37,14,1,3
2023/3/20,97,23,14,26,2,4
2023/3/21,64,43,8,29,1,6
2023/3/22,114,105,32,16,1,6
2023/3/23,104,80,31,8,1,3
2023/3/24,99,47,27,10,2,4
2023/3/25,63,63,42,9,2,3
2023/3/26,89,78,51,19,2,4
2023/3/27,118,61,51,17,2,3
2023/3/28,111,53,38,17,2,3
2023/3/29,88,55,49,17,1,4
2023/3/30,138,42,35,17,2,3
2023/3/31,92,47,39,25,3,3
2022/10/1,76,28,48,6,2,3
2022/10/2,55,30,77,8,2,4
2022/10/3,65,19,25,5,1,4
2022/10/4,40,26,30,4, ,2
2022/10/5,32,16,29,5,1,3
2022/10/6,29,16,29,6,1,3
2022/10/7,35,25,36,9,1,3
2022/10/8,48,31,42,11,2,4
2022/10/9,79,39,32,10,3,4
2022/10/10,57,33,35,11,2,4
2022/10/11,59,25,38,12,1,3
2022/10/12,42,27,41,10,2,3
2022/10/13,40,32,39,12,2,4
2022/10/14,54,33,43,13,2,3
2022/10/15,73,35,41,10,1,4
2022/10/16,86,37,42,6,1,3
2022/10/17,79,29,31,7,2,2
2022/10/18,34,25,39,10,1,2
2022/10/19,42,25,40,14,1,2
2022/10/20,36,34,42,18,1,3
2022/10/21,58,38,33,13,2,4
2022/10/22,79,35,47,6,2,3
2022/10/23,72,28,43,6,2,2
2022/10/24,44,25,34,7,2,2
2022/10/25,34,25,26,12,1,3
2022/10/26,33,16,32,15,1,3
2022/10/27,29,30,37,7,2,3
2022/10/28,49,29,36,8,2,3
2022/10/29,48,31,36,9,2,3
2022/10/30,61,26,33,10,1,3
2022/10/31,40,34,40,9,2,4
2022/11/1,68,42,41,12,2,4
2022/11/2,88,32,39,15,1,3
2022/11/3,59,32,32,7, ,2
2022/11/4,55,36,38,10,1,3
2022/11/5,71,25,35,13,2,2
2022/11/6,47,28,45,13,2,2
2022/11/7,56,24,37,17,2,3
2022/11/8,54,37,39,14,2,3
2022/11/9,68,42,32,14,2,4
2022/11/10,109,25,18,14,1,3
2022/11/11,74,25,33,10,1,3
2022/11/12,62,26,21,9,1,6
2022/11/13,58,37,18,14,1,4
2022/11/14,77,55,23,24,2,7
2022/11/15,149,62,43,25,2,6
2022/11/16,154,11,29,12,1,3
2022/11/17,36,25,24,16,1,3
2022/11/18,41,36,24,21,1,5
2022/11/19,80,45,26,15,1,6
2022/11/20,124,43,30,20,1,6
2022/11/21,116,35,25,16,1,5
2022/11/22,100,22,30,13,1,4
2022/11/23,56,32,35,19,1,4
2022/11/24,66,37,28,21,1,4
2022/11/25,65,49,35,25,1,6
2022/11/26,123,31,30,15,1,4
2022/11/27,69,25,27,13,1,4
2022/11/28,52,21,25,9,1,5
2022/11/29,46,24,21,10,1,3
2022/11/30,43,30,15,13,1,3
2022/12/1,64,42,12,20,2,6
2022/12/2,87,31,21,21, ,5
2022/12/3,83,25,24,6, ,3
2022/12/4,46,19,20,10,1,3
2022/12/5,45,31,19,23,1,5
2022/12/6,56,43,38,23,2,5
2022/12/7,93,45,26,31,1,5
2022/12/8,98,29,8,28,1,5
2022/12/9,74,47,23,21,1,8
2022/12/10,128,40,29,10,1,4
2022/12/11,87,41,22,19,1,4
2022/12/12,94,87,21,25,2,6
2022/12/13,144,70,24,14,2,4
2022/12/14,78,49,23,20,1,3
2022/12/15,62,32,24,18,1,3
2022/12/16,53,43,21,10,1,3
2022/12/17,79,52,21,12,2,3
2022/12/18,62,46,24,23,1,3
2022/12/19,77,36,31,20,1,3
2022/12/20,69,59,24,20,2,5
2022/12/21,115,68,25,20,2,5
2022/12/22,118,33,22,14,2,4
2022/12/23,60,44,26,17,2,4
2022/12/24,90,41,24,15,1,5
2022/12/25,91,42,20,22,2,6
2022/12/26,112,59,30,21,2,7
2022/12/27,154,66,32,17,3,8
2022/12/28,161,31,28,13,1,4
2022/12/29,84,32,21,21,2,5
2022/12/30,82,59,33,30,2,6
2022/12/31,155,62,16,45,3,6
2023/1/1,158,50,26,18,2,5
2022/7/1,32,17,20,4,1,3
2022/7/2,30,16,22,5,1,3
2022/7/3,39,17,26,6,1,3
2022/7/4,34,29,65,6,1,3
2022/7/5,63,28,57,6,1,3
2022/7/6,61,31,59,9,1,4
2022/7/7,73,28,51,10,1,4
2022/7/8,73,33,89,9,1,4
2022/7/9,85,38,68,7,1,4
2022/7/10,101,21,75,10,1,5
2022/7/11,58,39,83,10,1,4
2022/7/12,91,43,83,12,1,3
2022/7/13,104,40,106,12,2,2
2022/7/14,109,38,63,9,1,6
2022/7/15,102,33,44,14,1,7
2022/7/16,91,40,72,9,1,5
2022/7/17,108,27,53,8,1,6
2022/7/18,76,26,40,11,1,5
2022/7/19,73,32,61,8,1,5
2022/7/20,83,26,43,8,1,5
2022/7/21,65,39,106,9,2,6
2022/7/22,106,37,52,6,3,5
2022/7/23,94,35,85,7,3,7
2022/7/24,96,34,72,5,2,4
2022/7/25,80,35,82,10,2,5
2022/7/26,73,37,104,12,1,5
2022/7/27,81,35,82,9,1,4
2022/7/28,76,17,16,4, ,3
2022/7/29,36,19,19,6, ,3
2022/7/30,43,24,38,6,1,4
2022/7/31,62,33,54,6,1,4
2022/8/1,69,37,68,5, ,4
2022/8/2,94,18,40,5, ,3
2022/8/3,47,21,54,5,1,4
2022/8/4,49,29,94,7,2,4
2022/8/5,63,34,50,14,1,6
2022/8/6,76,24,71,7,2,4
2022/8/7,58,20,56,5,1,3
2022/8/8,42,23,75,5,1,4
2022/8/9,44,27,85,7,1,5
2022/8/10,54,35,88,12,2,5
2022/8/11,74,39,76,16,2,5
2022/8/12,83,41,84,10,2,4
2022/8/13,84,31,88,6,1,3
2022/8/14,66,28,95,6,2,3
2022/8/15,60,31,74,10,1,4
2022/8/16,63,29,66,11,1,5
2022/8/17,64,30,78,9,1,3
2022/8/18,62,26,80,7,1,4
2022/8/19,52,37,71,12,2,5
2022/8/20,76,31,39,9,1,5
2022/8/21,75,32,73,8,1,5
2022/8/22,79,35,97,8,2,6
2022/8/23,81,26,31,6,1,4
2022/8/24,49,27,39,7,1,4
2022/8/25,43,26,37,9,1,4
2022/8/26,51,23,39,9,1,4
2022/8/27,57,24,40,6,1,3
2022/8/28,38,32,63,7,1,4
2022/8/29,54,33,46,7,1,5
2022/8/30,78,15,30,7,1,5
2022/8/31,43,22,52,4,1,3
2022/9/1,53,24,38,5,1,3
2022/9/2,43,15,25,5, ,3
2022/9/3,27,17,22,3,1,3
2022/9/4,30,9,40,4,1,3
2022/9/5,19,46,101,10,2,6
2022/9/6,105,47,111,11,3,5
2022/9/7,111,32,49,13,1,4
2022/9/8,63,25,44,9,2,4
2022/9/9,53,25,52,8,1,4
2022/9/10,53,29,35,7,1,4
2022/9/11,55,23,24,7,1,4
2022/9/12,57,14,24,6,1,3
2022/9/13,34,14,22,6,1,4
2022/9/14,35,15,29,5,1,4
2022/9/15,37,33,47,10,1,5
2022/9/16,86,40,50,15,2,7
2022/9/17,102,30,63,8,1,5
2022/9/18,67,46,59,7,2,5
2022/9/19,78,38,35,6,1,3
2022/9/20,42,27,31,8,2,3
2022/9/21,35,30,40,11,1,3
2022/9/22,43,42,57,11,1,3
2022/9/23,59,28,36,6,1,2
2022/9/24,35,30,40,7,1,3
2022/9/25,42,33,44,12,2,3
2022/9/26,58,17,43,9,2,3
2022/9/27,37,22,34,12,1,3
2022/9/28,52,19,39,13,1,4
2022/9/29,47,22,31,10,1,3
2022/9/30,40,30,33,10,1,4
2022/4/1,62,25,48,5,2,3
2022/4/2,61,18,50,5,2,3
2022/4/3,52,23,54,4,1,3
2022/4/4,65,29,41,9,4,4
2022/4/5,66,43,71,10,2,5
2022/4/6,100,45,94,7,3,5
2022/4/7,97,47,84,8,3,4
2022/4/8,81,50,85,5,3,5
2022/4/9,68,44,65,3,2,5
2022/4/10,73,42,88,5,2,5
2022/4/11,82,37,77,8,3,5
2022/4/12,71,14,37,4,1,5
2022/4/13,43,10,30,3, ,6
2022/4/14,36,21,66,3,1,5
2022/4/15,49,44,56,5,2,5
2022/4/16,93,34,59,6,2,4
2022/4/17,71,29,56,6,2,5
2022/4/18,58,43,87,9,8,6
2022/4/19,100,53,103,7,5,6
2022/4/20,116,49,82,4,3,7
2022/4/21,122,44,71,7,6,7
2022/4/22,99,17,39,4,2,6
2022/4/23,54,9,38,2,1,5
2022/4/24,37,22,39,3,1,6
2022/4/25,61,17,30,4,1,8
2022/4/26,56,52,46,4,2,5
2022/4/27,58,78,39,4, ,5
2022/4/28,59,20,43,3, ,5
2022/4/29,42,22,46,4,2,6
2022/4/30,60,29,49,4,2,6
2022/5/1,71,44,77,5,2,7
2022/5/2,104,51,100,10,3,7
2022/5/3,115,44,80,5,2,7
2022/5/4,104,30,60,3,2,6
2022/5/5,57,26,69,3,2,6
2022/5/6,55,13,36,4,2,6
2022/5/7,46,23,48,4,2,6
2022/5/8,47,25,45,5,2,6
2022/5/9,46,28,43,3, ,6
2022/5/10,52,26,40,4,2,6
2022/5/11,59,19,39,5,1,7
2022/5/12,59,16,40,3, ,7
2022/5/13,52,25,55,5,2,7
2022/5/14,64,30,61,7,3,8
2022/5/15,66,39,85,7,3,8
2022/5/16,84,44,99,7,4,8
2022/5/17,100,31,79,6,5,7
2022/5/18,66,38,54,5,2,7
2022/5/19,73,27,26,7,2,8
2022/5/20,75,21,49,4,2,7
2022/5/21,54,27,70,3,2,7
2022/5/22,69,25,52,3,2,7
2022/5/23,48,15,46,2, ,7
2022/5/24,43,16,43,3,2,7
2022/5/25,50,26,29,9,2,8
2022/5/26,78,43,102,6,2,8
2022/5/27,112,19,57,3,2,8
2022/5/28,61,15,33,4,2,9
2022/5/29,52,37,53,6,2,10
2022/5/30,100,19,50,4,2,6
2022/5/31,35,40,55,7,3,9
2022/6/1,107,44,51,6,2,5
2022/6/2,118,13,38,2,2,3
2022/6/3,43,21,49,4,2,4
2022/6/4,67,20,24,6,2,5
2022/6/5,58,31,89,7,3,4
2022/6/6,80,37,47,14,2,2
2022/6/7,100,23,57,7,2,2
2022/6/8,58,30,71,5, ,3
2022/6/9,81,17,39,7,1,3
2022/6/10,53,21,47,4,1,3
2022/6/11,57,25,39,6,1,3
2022/6/12,73,11,32,6,1,3
2022/6/13,36,38,88,8,1,4
2022/6/14,104,48,105,9,1,5
2022/6/15,127,49,97,9,2,5
2022/6/16,123,40,108,7,1,5
2022/6/17,103,26,59,6,1,5
2022/6/18,68,33,51,11,1,6
2022/6/19,90,12,32,6,1,5
2022/6/20,38,20,43,6,1,5
2022/6/21,49,30,50,6,1,5
2022/6/22,79,24,45,7,1,3
2022/6/23,60,20,28,8,1,3
2022/6/24,49,27,68,7,1,2
2022/6/25,67,26,59,5,2,2
2022/6/26,63,21,51,4,1,1
2022/6/27,47,25,43,5,1,2
2022/6/28,53,25,45,6,1,2
2022/6/29,59,19,33,5,1,2
2022/6/30,38,20,27,5, ,3
2022/1/3,154,50,39,26,1,5
2022/1/4,138,20,34,12,1,3
2022/1/5,54,25,31,9,1,3
2022/1/6,45,35,27,14,1,3
2022/1/7,88,37,25,18,2,3
2022/1/8,101,55,27,18,2,5
2022/1/9,143,86,23,22,2,8
2022/1/10,182,53,26,12,1,5
2022/1/11,125,39,24,15,2,3
2022/1/12,108, , , , , 
2022/1/15,155,70,35,25,1,6
2022/1/16,161,36,18,22,1,2
2022/1/17,61,43,34,16,1,3
2022/1/18,104,38,25,21,1,4
2022/1/19,97,39,33,9,1,3
2022/1/20,98,24,28,11,1,2
2022/1/21,52,21,17,21,1,3
2022/1/22,64,15,28,14,1,3
2022/1/23,51,49,32,9,1,5
2022/1/24,133,69,24,16,1,7
2022/1/25,166,43,32,12,1,5
2022/1/26,120,37,34,8,1,5
2022/1/27,101,23,28,6,1,3
2022/1/28,59,27,29,6,1,4
2022/1/29,75,23,33,6,1,4
2022/1/30,69,50,42,13,3,6
2022/1/31,136,71,36,7,2,6
2022/2/1,145,31,35,4,1,4
2022/2/2,77,17,32,5,1,3
2022/2/3,56,28,38,9,1,5
2022/2/4,82,44,35,8,1,5
2022/2/5,111,22,33,4,1,3
2022/2/6,55,10,31,7,1,3
2022/2/7,27,12,29,6,1,4
2022/2/8,31,18,28,10,1,4
2022/2/9,56,26,34,9,2,5
2022/2/10,76,39,39,11,1,4
2022/2/11,109,42,35,12,1,4
2022/2/12,111,40,36,10,1,3
2022/2/13,112,40,40,13,2,4
2022/2/14,102,49,30,9,1,4
2022/2/15,121,33,35,10,1,3
2022/2/16,85,27,35,6,1,3
2022/2/17,62,23,29,10,1,3
2022/2/18,51,30,29,8,1,4
2022/2/19,76,34,30,8,2,4
2022/2/20,63,36,29,16,2,4
2022/2/21,88,56,34,22,3,5
2022/2/22,146,32,37,8,1,4
2022/2/23,84,24,33,14,1,3
2022/2/24,57,26,35,14,1,2
2022/2/25,63,43,45,16,2,4
2022/2/26,112,57,40,11,1,4
2022/2/27,99,54,71,14,2,5
2022/2/28,120,69,44,14,1,7
2022/3/1,166,60,44,16,1,5
2022/3/2,139,66,62,17,2,5
2022/3/3,136,41,34,18,3,5
2022/3/4,102,79,34,13,1,4
2022/3/5,99,40,34,9,1,2
2022/3/6,31,41,34,14,2,4
2022/3/7,65,51,49,21,2,5
2022/3/8,100,55,47,13,1,4
2022/3/9,111,62,54,10,3,5
2022/3/10,89,58,38,25,2,6
2022/3/11,95,43,51,16,1,5
2022/3/12,80,47,51,13,2,6
2022/3/13,90,52,44,14,1,7
2022/3/14,121,52,45,11,1,6
2022/3/15,87,52,74,14,2,6
2022/3/16,89,12,29,7,1,5
2022/3/17,43,25,28,11,1,5
2022/3/18,71,48,31,10,1,5
2022/3/19,130,20,30,10,1,2
2022/3/20,50,10,37,7,1,2
2022/3/21,27,25,39,6,1,2
2022/3/22,47,28,44,8,2,2
2022/3/23,66,28,45,9,1,2
2022/3/24,46,19,37,6,1,3
2022/3/25,46,29,41,7,2,5
2022/3/26,76,60,41,13,3,5
2022/3/27,94,32,43,5,1,2
2022/3/28,44,34,47,5,1,2
2022/3/29,45,35,62,6,2,4
2022/3/30,75,34,39,5,1,4
2022/3/31,78,28,46,3,1,3
2021/10/1,53,34,88,9,1,4
2021/10/2,63,38,59,5,1,4
2021/10/3,54,36,45,4,1,4
2021/10/4,49,37,51,6,1,3
2021/10/5,48,33,33,5,1,4
2021/10/6,39,18,23,7, ,4
2021/10/7,31,26,32,7,1,4
2021/10/8,41,23,15,8, ,3
2021/10/9,34,25,25,6,1,4
2021/10/10,37,14,28,4, ,3
2021/10/11,15,34,34,4,1,3
2021/10/12,27,18,17,9,1,4
2021/10/13,33,25,18,8,1,4
2021/10/14,46,24,32,9,1,4
2021/10/15,54,16,33,3,1,2
2021/10/16,29,29,28,4, ,1
2021/10/17,28,29,21,11,1,2
2021/10/18,35,49,34,18,2,4
2021/10/19,88,20,29,9,1,2
2021/10/20,42,30,20,16,1,4
2021/10/21,71,56,38,17,2,5
2021/10/22,142,37,40,19,1,3
2021/10/23,72,27,39,15,1,3
2021/10/24,46,32,40,18,1,3
2021/10/25,60,31,40,25,1,3
2021/10/26,63,44,50,22,1,5
2021/10/27,100,35,37,13,1,3
2021/10/28,63,36,42,15,1,3
2021/10/29,60,37,44,15,2,3
2021/10/30,66,29,38,18,1,3
2021/10/31,57,51,60,18,2,4
2021/11/1,124,46,38,14,2,4
2021/11/2,101,44,35,21,2,3
2021/11/3,70,43,44,16,1,3
2021/11/4,75,17,39,10,1,3
2021/11/5,52,19,36,12,2,3
2021/11/6,40,25,33,11,1,3
2021/11/7,41,28,25,8,2,2
2021/11/8,60,42,26,15,2,3
2021/11/9,76,46,26,19,2,3
2021/11/10,78,50,26,26,3,4
2021/11/11,92,45,25,26,3,5
2021/11/12,94,58,31,32,4,6
2021/11/13,125,59,37,28,2,5
2021/11/14,130,64,61,35,4,7
2021/11/15,134,53,43,28,2,4
2021/11/16,105,49,40,27,1,5
2021/11/17,109,27,32,17,1,3
2021/11/18,60,38,41,18,1,3
2021/11/19,72,41,42,14,1,3
2021/11/20,71,45,28,17,1,3
2021/11/21,90,60,20,11,1,4
2021/11/22,96,56,17,19,3,4
2021/11/23,73,57,22,28,2,4
2021/11/24,97,62,17,35,2,7
2021/11/25,114,77,38,37,3,13
2021/11/26,156,39,37,18,1,5
2021/11/27,70,25,31,15,1,4
2021/11/28,34,28,17,22,1,5
2021/11/29,53,48,22,13,1,6
2021/11/30,115,35,20,13,1,4
2021/12/1,66,39,17,24,2,5
2021/12/2,82,62,17,34,3,6
2021/12/3,127,53,19,30,2,5
2021/12/4,111,32,32,23,1,2
2021/12/5,60,30,29,22,1,3
2021/12/6,67,50,48,25,1,5
2021/12/7,124,43,34,15,1,4
2021/12/8,98,51,24,30,5,4
2021/12/9,105,79,40,32,3,8
2021/12/10,175,60,39,22,1,4
2021/12/11,147,49,35,13,1,4
2021/12/12,125,36,24,16,2,3
2021/12/13,69,48,14,28,2,4
2021/12/14,106,50,18,31,3,6
2021/12/15,134,36,24,21,1,6
2021/12/16,101,63,26,12,1,5
2021/12/17,106,44,21,18,2,4
2021/12/18,74,55,19,29,3,6
2021/12/19,122,55,28,36,3,6
2021/12/20,124,74,8,49,4,9
2021/12/21,159,67,36,33,2,8
2021/12/22,156,30,30,27,1,4
2021/12/23,55,34,28,18,1,2
2021/12/24,66,25,26,6,1,1
2021/12/25,52,29,22,10,2,3
2021/12/26,73,40,16,18,3,5
2021/12/27,87,54,6,35,3,7
2021/12/28,130,63,23,28,3,6
2021/12/29,149,73,14,36,6,10
2021/12/30,165,54,30,26,3,6
2021/12/31,127,30,21,19,2,3
2022/1/1,57,67,37,24,4,8
2022/1/2,160,61,29,32,3,7
2021/7/1,57,24,20,10,1,5
2021/7/2,66,32,36,9,1,5
2021/7/3,82,33,26,11,1,6
2021/7/4,93,42,78,9,1,5
2021/7/5,80,31,47,6,1,5
2021/7/6,44,36,67,7,1,5
2021/7/7,65,30,34,13,1,7
2021/7/8,73,27,61,9,1,5
2021/7/9,68,23,65,10,1,6
2021/7/10,49,47,88,11,1,7
2021/7/11,102,55,94,10,2,6
2021/7/12,95,51,80,10,3,6
2021/7/13,84,35,74,7,2,5
2021/7/14,57,28,51,6,2,4
2021/7/15,38,25,32,6,1,4
2021/7/16,33,23,31,6,1,4
2021/7/17,38,26,42,5, ,5
2021/7/18,54,22,28,5,1,5
2021/7/19,38,27,19,5,1,5
2021/7/20,38,24,27,5,1,5
2021/7/21,42,29,27,5,1,4
2021/7/22,44,27,24,4, ,3
2021/7/23,40,19,17,2, ,4
2021/7/24,32,12,31,1, ,4
2021/7/25,16,9,28,2, ,4
2021/7/26,10,15,27,4, ,4
2021/7/27,30,23,27,5, ,4
2021/7/28,45,31,51,8,1,6
2021/7/29,67,34,97,11,2,7
2021/7/30,75,38,44,10,1,7
2021/7/31,89,25,36,10,1,6
2021/8/1,63,17,23,7,1,5
2021/8/2,40,20,20,6,1,5
2021/8/3,30,23,22,4,1,5
2021/8/4,35,24,15,4,1,4
2021/8/5,33,26,18,5,1,3
2021/8/6,38,26,28,6,1,3
2021/8/7,50,25,42,5,1,3
2021/8/8,39,39,82,8,2,4
2021/8/9,68,25,47,6,1,4
2021/8/10,58,22,25,12,1,6
2021/8/11,51,16,32,10,1,5
2021/8/12,46,13,30,7,1,4
2021/8/13,23,18,38,8, ,4
2021/8/14,34,13,30,9, ,4
2021/8/15,29,15,23,9,1,5
2021/8/16,45,19,33,10,2,4
2021/8/17,40,29,53,8,1,4
2021/8/18,58,32,72,7,1,5
2021/8/19,61,33,68,6,2,5
2021/8/20,62,40,57,10,2,7
2021/8/21,81,33,50,8,2,6
2021/8/22,71,32,66,8,2,5
2021/8/23,53,46,54,11,2,7
2021/8/24,97,41,77,12,2,9
2021/8/25,95,51,75,15,2,7
2021/8/26,95,36,59,12,1,6
2021/8/27,79,43,67,12,2,5
2021/8/28,94,35,46,8,3,4
2021/8/29,59,25,48,6,2,4
2021/8/30,39,27,52,6,2,4
2021/8/31,42,44,91,10,2,6
2021/9/1,84,38,48,12,2,7
2021/9/2,82,20,34,11,2,6
2021/9/3,53,21,38,8,2,4
2021/9/4,29,31,50,7,2,4
2021/9/5,55,50,80,12,2,10
2021/9/6,120,35,46,8,2,7
2021/9/7,84,23,41,9,2,4
2021/9/8,39,26,47,8,2,4
2021/9/9,44,25,30,11,2,5
2021/9/10,55,14,19,11, ,4
2021/9/11,38,11,19,9,2,3
2021/9/12,23,9,13,4,2,3
2021/9/13,13,15,38,5, ,4
2021/9/14,31,23,34,7,2,5
2021/9/15,49,25,32,9,2,5
2021/9/16,49,31,46,12,1,4
2021/9/17,62,30,44,11, ,4
2021/9/18,54,45,69,8,1,4
2021/9/19,74,35,62,7, ,6
2021/9/20,74,32,76,7,1,7
2021/9/21,74,42,80,11,2,7
2021/9/22,87,45,69,14,2,6
2021/9/23,77,36,63,8,1,4
2021/9/24,68,26,50,7,1,4
2021/9/25,36,31,50,6,1,4
2021/9/26,44,45,63,8,2,5
2021/9/27,78,44,79,10,2,6
2021/9/28,83,36,80,11,2,6
2021/9/29,77,16,42,8,1,4
2021/9/30,34,28,77,11,1,4
2021/4/1,80,59,14,24,1,10
2021/4/2,147,50,27,19,1,6
2021/4/3,133,41,40,7,2,2
2021/4/4,71,36,42,9,2,1
2021/4/5,62,35,36,14,1,1
2021/4/6,66,39,38,17,1,2
2021/4/7,78,37,58,15,1,3
2021/4/8,97,38,40,15,1,2
2021/4/9,74,43,45,13,1,3
2021/4/10,72,29,35,17,1,3
2021/4/11,55,29,27,17,1,5
2021/4/12,83,51,41,15,1,6
2021/4/13,125,32,36,11,1,2
2021/4/14,55,44,34,13,1,2
2021/4/15,49,60,60,19,2,5
2021/4/16,133,92,37,18,1,5
2021/4/17,139,53,41,14,3,3
2021/4/18,66,51,61,16,1,3
2021/4/19,66,46,50,11,1,4
2021/4/20,62,51,44,9,1,3
2021/4/21,68,52,37,13,1,2
2021/4/22,73,57,25,21,1,6
2021/4/23,146,38,16,17,1,1
2021/4/24,94,43,27,18,1,2
2021/4/25,83,37,47,13,1,3
2021/4/26,69,44,26,19,1,4
2021/4/27,95,54,53,18,2,5
2021/4/28,144,70,66,18,2,5
2021/4/29,130,69,68,17,2,4
2021/4/30,94,46,45,11,1,5
2021/5/1,78,39,41,10,1,3
2021/5/2,64,51,60,7,1,3
2021/5/3,66,25,34,7, ,4
2021/5/4,65,59,82,12,2,7
2021/5/5,131,60,68,11,1,3
2021/5/6,68,138,67,16,1,5
2021/5/7,125,129,74,16,1,6
2021/5/8,151,66,91,20,1,7
2021/5/9,137,43,75,11,1,5
2021/5/10,70,46,23,22,1,7
2021/5/11,122,28,37,12, ,3
2021/5/12,72,25,33,11, ,3
2021/5/13,70,34,38,14, ,5
2021/5/14,93,44,65,14,1,6
2021/5/15,94,23,40,11,1,6
2021/5/16,63,38,55,12,1,8
2021/5/17,102,38,39,16,1,4
2021/5/18,78,21,43,9,1,3
2021/5/19,46,31,33,13,1,5
2021/5/20,85,38,57,14,1,4
2021/5/21,91,32,59,9,1,4
2021/5/22,69,21,40,10, ,4
2021/5/23,52,36,85,11,2,6
2021/5/24,83,71,98,16,2,8
2021/5/25,148,35,38,17,1,7
2021/5/26,86,49,60,12,1,9
2021/5/27,115,55,48,14,1,7
2021/5/28,105,59,82,13,1,6
2021/5/29,80,57,81,12,1,7
2021/5/30,108,44,58,9,1,6
2021/5/31,64,39,41,6,1,6
2021/6/1,58,28,37,6,1,5
2021/6/2,49,46,41,13,1,6
2021/6/3,118,38,71,10,1,6
2021/6/4,101,47,87,12,2,6
2021/6/5,93,49,110,15,2,7
2021/6/6,90,32,49,13,1,5
2021/6/7,50,20,41,10, ,6
2021/6/8,46,22,29,10, ,6
2021/6/9,58,17,30,10, ,5
2021/6/10,46,27,49,14,1,5
2021/6/11,76,23,35,13, ,4
2021/6/12,62,32,24,15,1,6
2021/6/13,91,38,23,14,1,5
2021/6/14,108,37,35,12, ,6
2021/6/15,87,25,24,11, ,6
2021/6/16,58,22,22,10, ,4
2021/6/17,63,39,29,11, ,6
2021/6/18,109,18,30,11, ,4
2021/6/19,56,26,42,12,1,5
2021/6/20,73,38,67,8,1,5
2021/6/21,93,33,46,8,1,5
2021/6/22,75,35,56,11,1,5
2021/6/23,67,43,60,10,1,5
2021/6/24,75,34,45,7,1,4
2021/6/25,62,17,27,7, ,4
2021/6/26,40,17,25,9, ,5
2021/6/27,54,16,28,8, ,5
2021/6/28,45,20,35,6, ,5
2021/6/29,47,21,31,7, ,5
2021/6/30,53,24,34,7,1,4
2021/1/4,67,40,26,15,1,4
2021/1/5,93,40,20,16,2,5
2021/1/6,93,58,18,11,3,5
2021/1/7,71,45,17,16,3,6
2021/1/8,70,53,18,26,4,8
2021/1/9,93,60,13,35,6,10
2021/1/10,133,58,16,32,5,8
2021/1/11,136,86,22,28,3,6
2021/1/12,104,72,17,41,3,7
2021/1/13,124,71,34,41,3,7
2021/1/14,136,67,28,29,2,5
2021/1/15,115,72,24,9, ,3
2021/1/16,98,61,25,15,2,6
2021/1/17,102,76,22,33,3,7
2021/1/18,150,75,3,45,2,8
2021/1/19,153, , , , , 
2021/1/22,111,60,27,7,1,8
2021/1/23,157,55,27,11,1,7
2021/1/24,142,28,25,9,1,4
2021/1/25,62, , , , , 
2021/1/27,134, , , , , 
2021/1/30,71,26,21,13,1,3
2021/1/31,53,47,10,34,1,9
2021/2/1,131,60,27,15,1,5
2021/2/2,100,59,39,14,1,3
2021/2/3,75,60,37,24,1,5
2021/2/4,120,36,29,19,1,4
2021/2/5,86,54,39,18,1,6
2021/2/6,143,62,42,31,2,9
2021/2/7,153,30,32,7,1,3
2021/2/8,66,21,29,9,1,2
2021/2/9,45,24,19,17,1,3
2021/2/10,61,16,21,14,1,3
2021/2/11,53,30,39,10,1,4
2021/2/12,74,31,39,12,1,3
2021/2/13,76,36,34,13,1,4
2021/2/14,96,41,29,9,1,5
2021/2/15,106,24,30,7,1,3
2021/2/16,53, , , , , 
2021/2/18,66,41,44,24,4,6
2021/2/19,97,48,25,27,5,6
2021/2/20,99,39,47,21,2,6
2021/2/21,81,57,47,26,2,7
2021/2/22,115,35,34,8,1,2
2021/2/23,47,34,33,10,1,2
2021/2/24,45,44,33,15,1,4
2021/2/25,71,17,31,10,1,3
2021/2/26,53,26,28,10,1,3
2021/2/27,56,24,23,14,1,3
2021/2/28,66,30,22,17,1,6
2021/3/1,84,22,22,8,1,4
2021/3/2,73,42,27,13,1,2
2021/3/3,53,21,19,13, ,2
2021/3/4,55,28,12,24, ,2
2021/3/5,85,35,30,13,1,1
2021/3/6,76,41,29,8, ,1
2021/3/7,65,35,32,14, ,2
2021/3/8,74,19,26,15, ,1
2021/3/9,61, , , , , 
2021/3/12,115,58,40,24,2,5
2021/3/13,147,51,45,17,2,4
2021/3/14,129,53,41,27,3,6
2021/3/15,111,53,2,49,2,10
2021/3/16,150, , , , , 
2021/3/18,63,40,20,25,1,3
2021/3/19,61,30,31,17,1,3
2021/3/20,78,68,31,13,2,4
2021/3/21,131,51,35,20,3,3
2021/3/22,86,61,54,24,2,5
2021/3/23,133,40,31,23,2,6
2021/3/24,68,58,61,31,2,6
2021/3/25,103,50,38,19,1,2
2021/3/26,75,35,23,20,1,5
2021/3/27,73,79,54,28,2,6
2021/3/28,146,62,60,26,1,6
2021/3/29,124,239,42,21,1,3
2021/3/30,140,107,29,26,1,3
2021/3/31,112,37,25,19,1,4
2020/10/1,78,33,49,10,1,3
2020/10/2,71,24,27,14,1,2
2020/10/3,47,18,28,10,1,4
2020/10/4,38,31,23,10,1,3
2020/10/5,47,28,26,11,1,4
2020/10/6,48,25,28,9,1,3
2020/10/7,38,28,35,9,1,3
2020/10/8,44,27,34,12,1,3
2020/10/9,43,29,34,14,1,3
2020/10/10,54,32,34,16,1,3
2020/10/11,61,30,35,13,1,3
2020/10/12,56,34,32,14,1,3
2020/10/13,75,31,36,14, ,3
2020/10/14,42,32,29,13, ,3
2020/10/15,45,17,19,17, ,4
2020/10/16,47,30,32,19,1,5
2020/10/17,77,28,33,15, ,4
2020/10/18,67,23,32,13,1,3
2020/10/19,52,33,42,20,1,3
2020/10/20,66,44,20,35,1,5
2020/10/21,100,64,37,33,2,8
2020/10/22,136,71,34,23,2,3
2020/10/23,76,35,33,20,2,4
2020/10/24,62,30,36,20,1,3
2020/10/25,55,27,32,19,1,3
2020/10/26,55,23,34,20,1,3
2020/10/27,63,35,31,21,1,3
2020/10/28,66,34,27,15,1,3
2020/10/29,61,30,32,16,1,3
2020/10/30,52,36,32,24,1,4
2020/10/31,59,47,31,28,2,6
2020/11/1,95,62,42,17,2,7
2020/11/2,135,44,30,14,1,4
2020/11/3,68,31,27,14,1,4
2020/11/4,39,32,27,18,1,4
2020/11/5,43,42,33,30,2,6
2020/11/6,85,73,48,48,4,11
2020/11/7,158,79,38,19,3,5
2020/11/8,124,53,32,15,2,3
2020/11/9,55,39,35,24,2,3
2020/11/10,60,32,34,26,1,3
2020/11/11,55,27,36,19,1,3
2020/11/12,52,24,34,24,1,4
2020/11/13,57,42,42,22,1,5
2020/11/14,77,43,33,30,1,5
2020/11/15,89,33,28,22,1,5
2020/11/16,66,29,25,15,1,4
2020/11/17,52,35,27,13,2,3
2020/11/18,46,42,22,26,3,9
2020/11/19,94,36,22,15,1,5
2020/11/20,95,35,20,18,1,3
2020/11/21,46,15,18,16,1,4
2020/11/22,46,30,18,15,1,3
2020/11/23,66,15,15,18,1,3
2020/11/24,53,14,13,21,1,4
2020/11/25,46,13,12,23,1,7
2020/11/26,46,24,16,16,1,5
2020/11/27,69,29,21,12,1,3
2020/11/28,69,33,23,14,2,4
2020/11/29,77,50,29,16,2,5
2020/11/30,135,30,24,16,1,3
2020/12/1,73,26,18,18,1,3
2020/12/2,48,46,22,16,2,6
2020/12/3,123,35,17,20,2,5
2020/12/4,84,33,19,25,2,4
2020/12/5,75,36,19,32,1,4
2020/12/6,77,35,24,24,1,5
2020/12/7,95,49,25,19,2,6
2020/12/8,121,28,21,25,1,4
2020/12/9,63,56,8,34,2,8
2020/12/10,128,68,2,31,2,9
2020/12/11,164,102,27,36,4,12
2020/12/12,201,94,32,38,3,11
2020/12/13,186,24,17,14,1,4
2020/12/14,52,30,19,15,2,4
2020/12/15,67,45,17,20,4,7
2020/12/16,113,39,21,24,2,4
2020/12/17,91,41,18,24,1,5
2020/12/18,116,42,25,20,2,5
2020/12/19,98,26,21,20,1,4
2020/12/20,58,39,20,35,4,7
2020/12/21,106,53,17,43,3,6
2020/12/22,144,47,13,37,2,5
2020/12/23,119,78,30,35,3,9
2020/12/24,153,60,26,28,3,5
2020/12/25,93,34,15,26,1,4
2020/12/26,55,54,10,35,2,9
2020/12/27,127,69,25,33,2,9
2020/12/28,150,24,16,31,1,6
2020/12/29,64,38,20,9,2,5
2020/12/30,55,49,16,17,3,7
2020/12/31,82,45,16,24,3,7
2021/1/1,97,51,18,31,3,8
2021/1/2,127,48,20,29,1,6
2021/1/3,112,38,17,29,1,4
2020/7/1,59,18,35,11,1,3
2020/7/2,54,17,35,10,1,4
2020/7/3,50,17,31,12,2,4
2020/7/4,51,24,27,18,2,4
2020/7/5,75,23,18,17, ,5
2020/7/6,70,27,51,13,1,5
2020/7/7,78,23,24,17,1,4
2020/7/8,69,19,19,17,1,3
2020/7/9,62,21,24,14,2,2
2020/7/10,65,26,18,18, ,3
2020/7/11,80,45,70,14,1,4
2020/7/12,106,28,23,14,1,6
2020/7/13,78,33,29,14, ,6
2020/7/14,96,15,35,14, ,4
2020/7/15,54,17,30,12,1,4
2020/7/16,54,20,18,17,1,4
2020/7/17,65,44,48,16,1,6
2020/7/18,112,33,47,10,1,5
2020/7/19,86,26,19,14,1,7
2020/7/20,77,50,66,13,1,7
2020/7/21,133,53,82,16,1,7
2020/7/22,123,30,59,10,1,6
2020/7/23,73,32,41,10,1,7
2020/7/24,85,55,89,12,1,7
2020/7/25,139,40,77,15,1,4
2020/7/26,110,32,37,10, ,4
2020/7/27,87,36,37,18, ,5
2020/7/28,99,19,41,11,1,3
2020/7/29,52,16,27,7, ,3
2020/7/30,36,24,19,7,1,3
2020/7/31,66,22,41,12,1,2
2020/8/1,50,24,40,12,2,1
2020/8/2,58,19,20,11,1,1
2020/8/3,48,21,18,10,1,1
2020/8/4,46,16,22,11,1,3
2020/8/5,36,28,47,15,1,4
2020/8/6,67,39,63,20,1,4
2020/8/7,91,31,48,12,1,4
2020/8/8,67,31,57,9,1,5
2020/8/9,79,31,42,14, ,4
2020/8/10,66,25,43,11, ,4
2020/8/11,47,27,47,11,1,4
2020/8/12,48,30,65,13,1,4
2020/8/13,61,36,71,14,1,4
2020/8/14,78,22,47,10,1,3
2020/8/15,50,30,63,9, ,3
2020/8/16,57,35,37,9,1,2
2020/8/17,72,42,36,8,1,2
2020/8/18,89,35,38,8,1,2
2020/8/19,76,32,37,10,1,1
2020/8/20,74,29,28,8,2,1
2020/8/21,70,30,20,11,1,1
2020/8/22,68,30,20,11,1,1
2020/8/23,68,22,22,11,1,1
2020/8/24,53,23,27,10,1,2
2020/8/25,44,27,19,12,1,3
2020/8/26,63,36,58,13,1,3
2020/8/27,92,18,27,14,1,2
2020/8/28,57,21,22,16,1,1
2020/8/29,63,36,24,14,1,2
2020/8/30,89,21,17,9, ,2
2020/8/31,50,24,20,8, ,3
2020/9/1,55,25,24,10, ,4
2020/9/2,57,46,76,15,1,5
2020/9/3,107,47,77,17,1,5
2020/9/4,112,32,51,13,1,3
2020/9/5,67,33,45,12,1,3
2020/9/6,67,61,104,18,1,6
2020/9/7,135,53,89,20,1,5
2020/9/8,115,35,78,17,1,4
2020/9/9,79,33,47,13, ,4
2020/9/10,80,24,28,18,1,4
2020/9/11,71,26,31,15,1,4
2020/9/12,72,28,37,17,1,4
2020/9/13,65,22,28,18,1,3
2020/9/14,63,22,18,20,1,4
2020/9/15,69,41,38,24,1,6
2020/9/16,115,26,34,16,1,4
2020/9/17,80,27,27,23, ,4
2020/9/18,76,59,22,33,1,6
2020/9/19,154,31,38,28,1,4
2020/9/20,76,27,32,17,1,3
2020/9/21,61,24,37,16,1,3
2020/9/22,48,23,21,18,1,4
2020/9/23,49,29,29,18,1,5
2020/9/24,68,28,32,15, ,4
2020/9/25,53,28,31,13, ,4
2020/9/26,52,23,30,11, ,3
2020/9/27,45,26,32,14,1,2
2020/9/28,45,24,27,17,1,2
2020/9/29,47,29,32,15,1,3
2020/9/30,54,38,47,12,1,4
2020/4/1,98,28,37,14,2,2
2020/4/2,57,35,37,18,2,3
2020/4/3,83,49,55,21,2,5
2020/4/4,124,26,39,9,2,2
2020/4/5,50,25,32,14,2,3
2020/4/6,55,31,28,26,2,4
2020/4/7,78,34,42,27,2,4
2020/4/8,79,39,42,20,2,4
2020/4/9,100,30,35,12, ,3
2020/4/10,74,24,34,11, ,3
2020/4/11,71,48,43,13,2,4
2020/4/12,126,54,47,19,3,6
2020/4/13,137,57,70,22,2,4
2020/4/14,151,51,53,22,2,4
2020/4/15,123,43,67,18,2,4
2020/4/16,102,55,39,28,3,7
2020/4/17,122,46,42,20,2,6
2020/4/18,110,32,36,11,1,5
2020/4/19,93,47,65,18,2,5
2020/4/20,131,26,33,16,1,2
2020/4/21,69,31,44,16,2,2
2020/4/22,69,30,39,14,2,2
2020/4/23,71,41,61,19,2,3
2020/4/24,103,44,58,23,2,4
2020/4/25,111,44,44,13,2,4
2020/4/26,93,23,40,13,2,3
2020/4/27,62,25,40,18,3,3
2020/4/28,69,30,64,11,2,3
2020/4/29,68,42,96,17,4,5
2020/4/30,103, , , , , 
2020/6/16,75,40,43,19, ,4
2020/6/17,108,28,28,20,1,4
2020/6/18,78,26,49,14,1,4
2020/6/19,71,37,44,14, ,3
2020/6/20,106,13,30,11,1,2
2020/6/21,48,16,30,7, ,3
2020/6/22,48,21,38,8, ,3
2020/6/23,67,28,36,13,1,6
2020/6/24,84,35,32,10,1,6
2020/6/25,100,32,49,8,1,4
2020/6/26,94,27,19,11,1,4
2020/6/27,81,17,26,14,1,4
2020/6/28,60,29,28,9,1,4
2020/6/29,83,23,63,14,2,4
2020/6/30,66,18,46,12, ,3
2020/1/1,59,25,14,26,1,7
2020/1/2,76,39,7,24,1,8
2020/1/3,109,55,24,21,1,8
2020/1/4,140,39,22,23,1,7
2020/1/5,110,24,24,21,1,8
2020/1/6,75,32,6,23,1,12
2020/1/7,92,42,18,18,1,11
2020/1/8,119,34,18,20,1,8
2020/1/9,99,19,18,20,1,6
2020/1/10,63,29,30,18,1,6
2020/1/11,86,81,20,23,2,11
2020/1/12,177,88,21,28,2,11
2020/1/13,186,87,22,23,2,12
2020/1/14,184,40,24,19,1,7
2020/1/15,113,13,21,15,1,5
2020/1/16,51,39,20,16,1,7
2020/1/17,109,60,19,16,1,8
2020/1/18,156,67,24,20,1,9
2020/1/19,164,91,39,28,2,12
2020/1/20,189,78,40,21,1,9
2020/1/21,174,64,25,20,1,11
2020/1/22,161,37,26,16,1,7
2020/1/23,103,47,32,13,1,7
2020/1/24,128,21,26,10,1,5
2020/1/25,66,20,30,9,1,5
2020/1/26,68,27,29,8,1,7
2020/1/27,83,74,23,9,1,10
2020/1/28,171,73,36,8,2,9
2020/1/29,172,52,35,8,2,10
2020/1/30,137,41,31,11,2,9
2020/1/31,112,27,27,19,1,7
2020/2/1,82,30,38,10,1,7
2020/2/2,88,50,39,12,1,8
2020/2/3,136,18,33,10,1,7
2020/2/4,61,25,34,11,1,6
2020/2/5,74,18,31,6, ,4
2020/2/6,56,22,30,6,1,5
2020/2/7,66,33,31,7,1,5
2020/2/8,98,63,38,9,2,7
2020/2/9,157,44,38,12,2,6
2020/2/10,123,27,35,8,2,6
2020/2/11,82,41,27,15,2,8
2020/2/12,114,49,28,12, ,7
2020/2/13,131,19,25,11,1,5
2020/2/14,65,15,22,9, ,5
2020/2/15,53,26,28,7,2,5
2020/2/16,78,19,29,7,2,5
2020/2/17,64,20,27,12,2,6
2020/2/18,65,16,40,10,2,4
2020/2/19,56,18,33,13,1,5
2020/2/20,59,27,33,12,2,5
2020/2/21,81,61,41,12,2,7
2020/2/22,151,35,39,9,2,5
2020/2/23,87,47,50,10,2,6
2020/2/24,105,48,33,13,2,7
2020/2/25,122,28,35,6, ,5
2020/2/26,81,32,35,8,2,5
2020/2/27,89,36,30,14, ,6
2020/2/28,96,31,18,15,2,6
2020/2/29,85,19,27,9, ,3
2020/3/1,62,25,33,8, ,4
2020/3/2,78,23,32,13,2,2
2020/3/3,71,29,34,9,2,3
2020/3/4,87,24,34,8,2,3
2020/3/5,73,24,43,9,2,3
2020/3/6,69,51,38,13,2,4
2020/3/7,133,20,40,8, ,3
2020/3/8,67,12,33,14, ,3
2020/3/9,44,28,34,12,2,4
2020/3/10,84,53,41,20,2,4
2020/3/11,136,47,42,12,2,4
2020/3/12,122,23,30,13, ,3
2020/3/13,51,28,32,12,2,3
2020/3/14,16,44,35,22,2,4
2020/3/15,89,23,30,15,2,2
2020/3/16,58,37,45,23,3,3
2020/3/17,94,53,68,26,2,4
2020/3/18,144,44,29,19,3,3
2020/3/19,98,34,43,16,2,2
2020/3/20,62,45,50,22,4,4
2020/3/21,111,44,36,11,2,3
2020/3/22,116,20,29,14,2,2
2020/3/23,50,28,38,15,2,3
2020/3/24,77,27,47,12,2,3
2020/3/25,75,46,21,19,2,7
2020/3/26,126,26,29,9, ,6
2020/3/27,76,18,27,7, ,3
2020/3/28,56,19,26,10, ,3
2020/3/29,53,23,25,17, ,3
2020/3/30,70,19,30,16, ,2
2020/3/31,36,34,43,14,2,3
2019/10/1,40,19,15,8,3,5
2019/10/2,37,28,26,19,3,6
2019/10/3,58,39,42,15, ,5
2019/10/4,98,37,37,10, ,5
2019/10/5,83,30,36,10, ,4
2019/10/6,39,47,23,21,3,7
2019/10/7,92,52,22,24,3,10
2019/10/8,132,44,31,26,3,8
2019/10/9,95,36,54,19,3,5
2019/10/10,50,48,29,23,4,7
2019/10/11,99,45,45,16,3,6
2019/10/12,88,38,42,16,3,5
2019/10/13,68,34,33,14, ,5
2019/10/14,64,22,29,11, ,4
2019/10/15,36,28,32,18, ,5
2019/10/16,56,29,36,21,4,6
2019/10/17,67,22,32,24,3,6
2019/10/18,60,32,46,23,1,6
2019/10/19,93,40,54,27,1,7
2019/10/20,112,33,44,21,1,6
2019/10/21,93,29,40,29,1,6
2019/10/22,84,35,44,22,1,6
2019/10/23,100,28,38,22,1,6
2019/10/24,82,41,48,26,2,8
2019/10/25,113,23,24,17,1,6
2019/10/26,70,21,23,27,1,6
2019/10/27,64,48,37,35,2,9
2019/10/28,128,59,38,35,2,10
2019/10/29,148,51,34,44,2,7
2019/10/30,114,56,62,33,1,6
2019/10/31,127,47,49,30,1,5
2019/11/1,106,65,72,28,2,7
2019/11/2,154,37,45,18,1,5
2019/11/3,87,39,40,16,2,6
2019/11/4,90,24,36,17,1,4
2019/11/5,56,18,33,18,1,4
2019/11/6,51,30,39,19,1,6
2019/11/7,86,19,31,14,1,4
2019/11/8,50,16,31,21,1,4
2019/11/9,47,35,50,22,2,7
2019/11/10,100,51,26,35,2,8
2019/11/11,115,39,25,31,1,5
2019/11/12,76,50,34,30,2,8
2019/11/13,122,39,26,20,1,4
2019/11/14,66,31,39,26,2,5
2019/11/15,63,27,38,28,2,5
2019/11/16,64,32,30,27,2,7
2019/11/17,77,58,23,20,2,6
2019/11/18,122,57,24,19,2,5
2019/11/19,93,41,25,27,1,5
2019/11/20,69,20,21,32,1,5
2019/11/21,48,31,15,34,2,6
2019/11/22,73,26,12,29,1,5
2019/11/23,68,32,23,23,2,7
2019/11/24,92,18,22,15,1,5
2019/11/25,49,15,17,21,1,5
2019/11/26,55,18,19,22,1,5
2019/11/27,56,23,20,18,2,6
2019/11/28,57,22,15,23,1,5
2019/11/29,59,17,13,34,1,5
2019/11/30,49,24,16,22,1,8
2019/12/1,72,56,18,29,2,10
2019/12/2,146,65,20,43,3,10
2019/12/3,162,76,15,60,3,12
2019/12/4,173,48,24,36,2,7
2019/12/5,130,16,25,17,1,4
2019/12/6,47,36,24,32,3,7
2019/12/7,100,59,26,44,3,9
2019/12/8,156,66,25,53,2,9
2019/12/9,161,58,27,52,2,9
2019/12/10,155,78,32,49,3,12
2019/12/11,177,31,24,28,2,8
2019/12/12,91,31,25,39,2,7
2019/12/13,84,49,26,40,2,9
2019/12/14,130,19,22,26,1,6
2019/12/15,52,35,24,31,2,8
2019/12/16,87,56,5,31,2,11
2019/12/17,141,28,18,19,1,8
2019/12/18,75,25,14,24,1,7
2019/12/19,74,37,16,29,1,8
2019/12/20,105,27,22,27,1,7
2019/12/21,81,17,23,22,1,8
2019/12/22,56,29,23,27,1,7
2019/12/23,88,32,21,27,1,8
2019/12/24,96,23,12,35,1,8
2019/12/25,70,30,16,23,1,11
2019/12/26,89,56,18,31,2,11
2019/12/27,147,61,27,39,2,10
2019/12/28,153,38,12,35,1,9
2019/12/29,108, , , , , 
2019/7/1,56,20,38,25,2,4
2019/7/2,58,26,40,18, ,3
2019/7/3,73,35,42,19,2,3
2019/7/4,98,37,43,19,2,3
2019/7/5,102,38,44,14,2,3
2019/7/6,104,35,80,11,2,7
2019/7/7,97,48,68,13,2,6
2019/7/8,129,16,23,12,2,3
2019/7/9,57,18,24,17,2,4
2019/7/10,58,33,30,26, ,6
2019/7/11,95,29,29,19,2,5
2019/7/12,87,14,30,15,2,4
2019/7/13,47,33,54,17,2,6
2019/7/14,96,25,40,13,2,4
2019/7/15,71,20,25,11,2,5
2019/7/16,63,25,27,9,2,4
2019/7/17,72,17,10,8,2,3
2019/7/18,48,18,12,8,2,4
2019/7/19,47,29,31,14,2,6
2019/7/20,79,40,53,16,2,5
2019/7/21,109,36,55,9,2,5
2019/7/22,94,32,74,11,2,5
2019/7/23,78,41,59,19,2,6
2019/7/24,98,43,45,20,2,7
2019/7/25,104,52,55,20,2,7
2019/7/26,129,44,43,18,2,6
2019/7/27,109,36,46,11,2,3
2019/7/28,101,28,59,12,2,2
2019/7/29,82,26,65,10,2,4
2019/7/30,57,20,41,7,2,4
2019/7/31,47,18,25,7,2,4
2019/8/1,33,16,16,8,2,2
2019/8/2,36,21,15,9,2,2
2019/8/3,50,13,11,10,2,3
2019/8/4,26,19,14,7,2,3
2019/8/5,38,21,28,9,2,2
2019/8/6,58,31,26,9, ,2
2019/8/7,80,22,9,8, ,2
2019/8/8,51,20,8,5,2,2
2019/8/9,40,12,30,2,2,3
2019/8/10,40,10,27,6,2,3
2019/8/11,30,27,52,11,2,5
2019/8/12,62,35,43,24,2,5
2019/8/13,91,40,75,20,2,7
2019/8/14,106,43,70,15,2,9
2019/8/15,110,47,100,15,2,8
2019/8/16,124,54,106,16,3,7
2019/8/17,136,45,55,17,2,6
2019/8/18,115,22,46,17,2,5
2019/8/19,63,19,40,15,2,4
2019/8/20,53,35,64,19,2,5
2019/8/21,81,40,55,16,2,6
2019/8/22,100,34,39,16,2,5
2019/8/23,92,27,25,16,2,4
2019/8/24,75,18,16,11,2,3
2019/8/25,46,26,50,13,3,4
2019/8/26,60,34,55,23,3,5
2019/8/27,85,24,30,18,2,5
2019/8/28,71,23,28,20,2,6
2019/8/29,68,50,58,23,2,8
2019/8/30,133,41,51,15,2,7
2019/8/31,98,17,35,15,2,5
2019/9/1,50,10,22,15,2,4
2019/9/2,31,19,8,25,2,6
2019/9/3,52,34,10,24,2,7
2019/9/4,98,18,7,16,2,4
2019/9/5,54,15,3,9,2,5
2019/9/6,52,29,46,12,3,6
2019/9/7,73,39,51,17,3,6
2019/9/8,94,28,28,15, ,5
2019/9/9,73,36,75,25,3,7
2019/9/10,64,34,39,18,3,5
2019/9/11,91,28,39,17,3,5
2019/9/12,64,28,36,12,3,4
2019/9/13,56,32,28,14,3,4
2019/9/14,58,26,35,9,3,6
2019/9/15,53,34,43,10,3,4
2019/9/16,53,44,40,12,3,5
2019/9/17,70,37,43,10,3,4
2019/9/18,53,35,31,9,3,4
2019/9/19,42,33,45,11,3,5
2019/9/20,46,20,35,8,3,4
2019/9/21,34,24,30,9,3,5
2019/9/22,37,40,33,15,3,6
2019/9/23,64,51,63,24,3,8
2019/9/24,95,50,56,27,3,8
2019/9/25,116,31,43,15, ,5
2019/9/26,67,35,39,16,3,5
2019/9/27,72,39,34,14,3,5
2019/9/28,83,40,37,14,3,4
2019/9/29,79,41,33,14,3,5
2019/9/30,80,14,11,8,3,4
2019/4/1,79,48,45,25,2,4
2019/4/2,92,49,35,35,2,5
2019/4/3,130,40,36,19,1,4
2019/4/4,114,59,70,25,2,5
2019/4/5,152,57,60,27,2,4
2019/4/6,140,75,70,29,3,6
2019/4/7,160,70,52,35,2,4
2019/4/8,163,45,37,16,1,2
2019/4/9,123,21,31,19,1,2
2019/4/10,69,28,37,23,1,3
2019/4/11,78,51,49,37,2,5
2019/4/12,136,32,52,22,1,2
2019/4/13,83,46,40,26,1,5
2019/4/14,122,49,39,23,1,3
2019/4/15,95,40,39,21,1,2
2019/4/16,66,44,51,25,2,4
2019/4/17,123,52,75,25,2,5
2019/4/18,127,45,30,29,1,4
2019/4/19,121,26,32,18, ,3
2019/4/20,65,30,20,23,1,4
2019/4/21,81,19,17,26,1,3
2019/4/22,65,42,31,26,1,7
2019/4/23,114,78,15,42,2,11
2019/4/24,174,38,23,26,1,6
2019/4/25,104,34,28,18,2,4
2019/4/26,73,28,42,15,2,4
2019/4/27,56,34,30,22, ,6
2019/4/28,92,34,13,27, ,6
2019/4/29,100,27,21,22, ,5
2019/4/30,79,65,46,26,2,8
2019/5/1,143,59,36,28,2,6
2019/5/2,94,52,42,34,2,6
2019/5/3,87,50,51,25,2,6
2019/5/4,93,46,56,12,2,6
2019/5/5,113,40,38,13,2,4
2019/5/6,78,39,41,15,2,3
2019/5/7,53,36,46,15,2,4
2019/5/8,63,43,78,20,3,6
2019/5/9,104,42,65,18,2,6
2019/5/10,108,49,101,20,2,6
2019/5/11,119,45,73,16,2,6
2019/5/12,109,34,42,16,2,6
2019/5/13,78,25,36,13,2,5
2019/5/14,72,22,26,15,2,5
2019/5/15,67,43,17,23,2,6
2019/5/16,121,25,23,19,2,5
2019/5/17,69,41,28,20,2,8
2019/5/18,107,55,26,26,2,7
2019/5/19,144,54,35,20,2,4
2019/5/20,96,58,76,26,3,5
2019/5/21,93,60,91,25,3,6
2019/5/22,117,67,120,28,3,7
2019/5/23,148,47,69,23,2,6
2019/5/24,107,45,46,7, ,3
2019/5/25,75,26,32,7,2,5
2019/5/26,68,31,34,9, ,6
2019/5/27,86,27,37,10,2,3
2019/5/28,48,35,37,29,2,5
2019/5/29,67,34,48,18,2,5
2019/5/30,69,53,48,21,2,8
2019/5/31,139,34,41,14,2,5
2019/6/1,95,25,44,11,2,5
2019/6/2,69,30,53,12,2,5
2019/6/3,86,35,57,16,2,6
2019/6/4,94,43,56,13,2,5
2019/6/5,120,27,35,9,2,4
2019/6/6,72,24,38,8,2,4
2019/6/7,65,27,54,6,2,4
2019/6/8,77,27,56,6, ,4
2019/6/9,81,42,40,12,2,6
2019/6/10,119,30,40,10, ,4
2019/6/11,83,23,40,8, ,3
2019/6/12,64,24,35,9,2,4
2019/6/13,71,21,38,10,2,4
2019/6/14,62,50,96,20,2,6
2019/6/15,132,68,103,20,3,6
2019/6/16,162,39,43,18,3,4
2019/6/17,91,20,28,16,2,5
2019/6/18,62,29,27,17,2,6
2019/6/19,87,22,26,13,2,4
2019/6/20,69,19,23,12, ,4
2019/6/21,61,30,30,12, ,4
2019/6/22,83,31,36,9, ,4
2019/6/23,81,25,45,9,2,4
2019/6/24,71,21,29,11,2,4
2019/6/25,51,17,20,15, ,5
2019/6/26,58,31,40,16,2,5
2019/6/27,91,43,79,17,2,5
2019/6/28,114,39,25,21,2,7
2019/6/29,111,21,31,24, ,7
2019/6/30,69,18,30,23, ,4
2019/1/1,87,58,21,20,4,8
2019/1/2,153,47,18,25,3,6
2019/1/3,131,21,16,26,2,6
2019/1/4,65,32,13,23,2,8
2019/1/5,92,28,19,19,2,4
2019/1/6,82,29,15,24,2,5
2019/1/7,85,44,22,20,3,7
2019/1/8,121,24,16,21,2,4
2019/1/9,75,19,10,23,2,4
2019/1/10,65,17,8,26, ,5
2019/1/11,58,40,5,23,3,10
2019/1/12,112,62,12,28,3,10
2019/1/13,165,64,23,30,2,8
2019/1/14,156,81,30,24,3,11
2019/1/15,177,44,20,17,3,5
2019/1/16,83,71,12,35,4,10
2019/1/17,163,69,30,32,4,9
2019/1/18,165,65,20,33,3,10
2019/1/19,157,76,23,25,4,11
2019/1/20,155,45,19,28,4,7
2019/1/21,117,69,20,35,5,9
2019/1/22,166,73,27,45,5,10
2019/1/23,170,74,31,41,4,9
2019/1/24,170,34,29,24,2,5
2019/1/25,92,29,24,11,2,4
2019/1/26,55,28,29,16,2,4
2019/1/27,58,49,18,26,3,8
2019/1/28,122,55,21,24,2,7
2019/1/29,107,43,18,28,2,5
2019/1/30,82,20,27,12,2,5
2019/1/31,48,56,24,13, ,8
2019/2/1,138,57,30,16,2,7
2019/2/2,137,57,16,17,3,13
2019/2/3,139,87,30,14,3,10
2019/2/4,142,55,28,12,2,5
2019/2/5,65,53,30,15,2,8
2019/2/6,130,34,28,9,2,6
2019/2/7,84,19,25,9,2,4
2019/2/8,38,16,25,8,2,5
2019/2/9,40,22,26,9, ,5
2019/2/10,61,27,23,13,3,7
2019/2/11,83,25,26,15,2,6
2019/2/12,72,29,32,11,2,6
2019/2/13,73,33,33,13, ,7
2019/2/14,80,16,23,16,1,6
2019/2/15,56,44,27,11,2,5
2019/2/16,113,33,30,11,2,4
2019/2/17,85,17,23,19,1,4
2019/2/18,58,28,11,23,2,6
2019/2/19,87,43,18,19,1,7
2019/2/20,120,51,28,16,1,6
2019/2/21,142,44,24,18,1,7
2019/2/22,125,90,27,26,3,11
2019/2/23,186,81,33,31,4,11
2019/2/24,178,66,26,32,2,11
2019/2/25,162,41,35,17,2,6
2019/2/26,105,31,24,21, ,6
2019/2/27,78,31,26,19,2,5
2019/2/28,89,69,39,26,2,8
2019/3/1,152,48,33,21,2,7
2019/3/2,130,63,28,24,2,9
2019/3/3,159,76,39,23,3,9
2019/3/4,172,69,36,24,2,7
2019/3/5,165,63,45,21,2,9
2019/3/6,155,62,46,13,2,8
2019/3/7,133,31,33,15, ,4
2019/3/8,66,31,18,24,1,11
2019/3/9,90,49,18,22,1,11
2019/3/10,133,69,41,31,3,7
2019/3/11,154,77,39,26,3,7
2019/3/12,150,50,33,17,2,3
2019/3/13,69,28,33,20,2,4
2019/3/14,68,50,37,25,3,6
2019/3/15,131,54,53,25,3,5
2019/3/16,107,68,61,33,4,8
2019/3/17,165,34,39,23,2,5
2019/3/18,100,39,42,27,1,7
2019/3/19,106,37,44,23,2,8
2019/3/20,86,50,32,21,2,9
2019/3/21,134,28,32,12, ,5
2019/3/22,58,36,35,19,3,7
2019/3/23,76,44,46,17,2,6
2019/3/24,98,50,38,27,1,8
2019/3/25,135,57,42,33,2,9
2019/3/26,141,49,37,33,3,10
2019/3/27,132,58,24,40,2,12
2019/3/28,145,50,38,26,2,8
2019/3/29,119,56,34,25,2,9
2019/3/30,133,40,35,14,1,5
2019/3/31,54,43,47,22,2,3
2018/10/1,69,44,43,17,3,6
2018/10/2,77,37,44,19,3,5
2018/10/3,79,37,45,11,3,4
2018/10/4,73,30,39,8,3,5
2018/10/5,60,43,42,12,3,5
2018/10/6,84,51,79,17,3,6
2018/10/7,97,38,40,13,3,4
2018/10/8,63,43,31,22,3,6
2018/10/9,83,50,25,16, ,8
2018/10/10,127,34,32,10,3,3
2018/10/11,61,31,33,18,3,4
2018/10/12,64,29,39,17,3,4
2018/10/13,66,24,32,14,3,4
2018/10/14,56,24,36,16,3,4
2018/10/15,54,29,38,14,3,6
2018/10/16,80,47,52,26,3,7
2018/10/17,115,32,34,14, ,5
2018/10/18,73,33,33,20,3,6
2018/10/19,57,28,30,24, ,5
2018/10/20,56,26,35,23,3,5
2018/10/21,59,16,25,17,3,6
2018/10/22,51,60,37,21,3,8
2018/10/23,155,66,54,24,3,7
2018/10/24,140,50,46,13,3,5
2018/10/25,81,62,40,14,3,8
2018/10/26,144, , , , , 
2018/10/28,93,68,39,32,5,8
2018/10/29,139,38,37,19,3,5
2018/10/30,76,30,41,11,3,5
2018/10/31,66,21,32,11,3,4
2018/11/1,49,26,31,20,3,5
2018/11/2,60,24,36,20, ,5
2018/11/3,56,26,39,21,3,6
2018/11/4,74,31,36,15,3,5
2018/11/5,87,26,40,14,3,5
2018/11/6,69,33,22,19,3,7
2018/11/7,95,19,16,14,3,7
2018/11/8,63,49,26,21,4,8
2018/11/9,133,41,38,16,3,6
2018/11/10,109,48,26,23,4,8
2018/11/11,122,24,31,12,3,5
2018/11/12,69,35,32,17,3,5
2018/11/13,80,43,36,23,3,6
2018/11/14,100,31,18,27,3,6
2018/11/15,73,27,26,15,3,6
2018/11/16,76,29,30,12,3,6
2018/11/17,62,17,22,14, ,7
2018/11/18,59,58,21,20,4,12
2018/11/19,146,52,32,25,3,10
2018/11/20,124,14,31,16, ,6
2018/11/21,48,39,29,15,3,6
2018/11/22,91,46,30,22,3,5
2018/11/23,111,51,29,22,3,5
2018/11/24,118,70,45,28,3,8
2018/11/25,166,53,30,29,3,7
2018/11/26,135,64,34,28,3,9
2018/11/27,154,98,26,31,3,14
2018/11/28,195,83,51,31,3,11
2018/11/29,179,74,37,25,3,9
2018/11/30,143,54,28,21,2,6
2018/12/1,94,38,23,18,2,7
2018/12/2,92,50,7,23,2,9
2018/12/3,133,39,14,15,2,8
2018/12/4,104,44,19,17, ,4
2018/12/5,52,15,22,13,2,3
2018/12/6,30, , , , , 
2018/12/11,107,64,16,21,3,11
2018/12/12,155,63,15,28,3,9
2018/12/13,160,58,18,25,3,8
2018/12/14,127,33,14,23,2,4
2018/12/15,55,56,16,26,3,10
2018/12/16,132,81,18,35,4,11
2018/12/17,177,75,19,46,4,13
2018/12/18,167,64,10,47,5,9
2018/12/19,146,31,18,31,3,7
2018/12/20,85,44,5,36,3,8
2018/12/21,120,39,15,26,2,8
2018/12/22,109,46,27,19,3,10
2018/12/23,116,44,24,20,2,6
2018/12/24,86,30,19,23,2,5
2018/12/25,63,14,23,16,2,6
2018/12/26,47,28,22,11,2,4
2018/12/27,60,36,20,13,3,5
2018/12/28,81,39,13,18,3,8
2018/12/29,90,35,11,21,3,7
2018/12/30,90, , , , , 
2018/8/25,81,22,18,12,2,6
2018/8/26,64,23,23,10,2,5
2018/8/27,51,22,24,8,2,4
2018/8/28,51,24,25,8,2,4
2018/8/29,50,28,34,8,2,5
2018/8/30,59,33,68,11,2,5
2018/8/31,70,46,33,18,2,9
2018/9/1,113,47,46,16,2,8
2018/9/2,127,50,55,12,2,8
2018/9/3,134,54,69,16,2,10
2018/9/4,126,54,91,16,2,9
2018/9/5,106,64,94,14,3,10
2018/9/6,142,68,27,28,2,13
2018/9/7,163,29,31,14,3,6
2018/9/8,71,33,35,14,3,6
2018/9/9,71,28,36,13,3,6
2018/9/10,74,33,30,14,3,6
2018/9/11,65,27,22,14,3,6
2018/9/12,61,26,17,16,3,7
2018/9/13,59,27,18,21,2,6
2018/9/14,55,27,33,13,2,5
2018/9/15,60,27,20,10,2,5
2018/9/16,56,17,9,14,2,7
2018/9/17,42,26,15,17, ,7
2018/9/18,61,40,55,18,2,7
2018/9/19,96,39,19,24,2,9
2018/9/20,95,36,18,20,3,11
2018/9/21,91,34,30,22,3,8
2018/9/22,75,57,52,19,3,10
2018/9/23,128,48,50,10,3,7
2018/9/24,95,29,37,9,3,6
2018/9/25,55,29,36,10, ,6
2018/9/26,39,30,32,12, ,4
2018/9/27,23,29,34,16,3,4
2018/9/28,27,30,35,11,3,4
2018/9/29,34,53,78,15,3,6
2018/9/30,109,46,37,15,3,5
2025/11/1, ,62,47,15,3,5
2025/11/2, ,41,30,11,2,1
2025/11/3, ,23,23,14,2,2
2025/11/4, ,23,24,16,2,3
2025/11/5, ,28,39,18,2,3
2025/11/6, ,35,26,21, ,3
2025/11/7, ,27,15,16, ,5
2025/11/8, ,24,33,8, ,4
2025/11/9, ,31,36,7,2,3
2025/11/10, ,49, , , , 
2025/10/1, ,36,52,5,2,5
2025/10/2, ,27,42,9,2,9
2025/10/3, ,41,38,10,2,6
2025/10/4, ,26,42,8,2,4
2025/10/5, ,25,58,9,2,4
2025/10/6, ,29,37,8,1,6
2025/10/7, ,30,32,6,2,4
2025/10/8, ,17,43,7,2,4
2025/10/9, ,22,42,6,2,4
2025/10/10, ,27,80,6,2,5
2025/10/11, ,32,73,6,2,5
2025/10/12, ,33,40,12,2,9
2025/10/13, ,46,18,12,2,9
2025/10/14, ,28,55,9,2,5
2025/10/15, ,25,27,8,1,6
2025/10/16, ,16,37,9,2,4
2025/10/17, ,19,28,5,2,4
2025/10/18, ,18,31,4, ,3
2025/10/19, ,50,30,2,2,3
2025/10/20, ,38,30,3,2,3
2025/10/21, ,26,34,3,2,3
2025/10/22, ,27,36,7,1,3
2025/10/23, ,29,40,6,1,2
2025/10/24, ,29,41,6,1,3
2025/10/25, ,29,35,8,1,4
2025/10/26, ,33,33,10,2,4
2025/10/27, ,33,39,9,2,3
2025/10/28, ,23,37,15,1,3
2025/10/29, ,21,24,17,1,2
2025/10/30, ,24,31,14,3,2
2025/10/31, ,30,49,17,2,6
2025/7/1, ,24,47,6,1,2
2025/7/2, ,29,55,5,1,2
2025/7/3, ,32,69,5,1,3
2025/7/4, ,30,62,6,2,2
2025/7/5, ,22,74,6,2,4
2025/7/6, ,24,32,4,1,3
2025/7/7, ,16,18,3,1,12
2025/7/8, ,18,22,3,1, 
2025/7/9, ,18,18,4,2, 
2025/7/10, ,35,15,5,1,4
2025/7/11, ,24,16,5,2,4
2025/7/12, ,18,34,5,1,5
2025/7/13, ,22,73,8,1,6
2025/7/14, ,37,100,8,1,5
2025/7/15, ,41,66,7,1,6
2025/7/16, ,44,70,8,1,6
2025/7/17, ,40,40,8,1,6
2025/7/18, ,23,21,4,1,3
2025/7/19, ,18,15,4,1,2
2025/7/20, ,23,16,4,1,2
2025/7/21, ,23,14,3,1,3
2025/7/22, ,24,14,4,1,3
2025/7/23, ,23,18,4,1,4
2025/7/24, ,24,20,4,1,4
2025/7/25, ,25,13,4,1,4
2025/7/26, ,14,15,5,1,4
2025/7/27, ,19,12,4,1,4
2025/7/28, ,24,15,4,2,3
2025/7/29, ,23,19,3,1,3
2025/7/30, ,10,39,5,1,4
2025/7/31, ,20,46,5,1,4
2025/8/1, ,34,43,7,1,5
2025/8/2, ,34,46,6,1,5
2025/8/3, ,27,43,11,2,7
2025/8/4, ,27,53,5,1,4
2025/8/5, ,28,51,5,1,4
2025/8/6, ,25,46,7,1,4
2025/8/7, ,23,62,7,1,4
2025/8/8, ,29,44,7,2,4
2025/8/9, ,39,37,10,1,5
2025/8/10, ,40,51,8,1,5
2025/8/11, ,41,67,12,2,5
2025/8/12, ,40,31,4,2,3
2025/8/13, ,23,25,4,1,3
2025/8/14, ,22,27,4,1,3
2025/8/15, ,18,30,4,2,3
2025/8/16, ,23,30,4,2,4
2025/8/17, ,27,36,4,1,4
2025/8/18, ,16,51,5,2,5
2025/8/19, ,19,59,7,2,5
2025/8/20, ,26,93,7,2,5
2025/8/21, ,37,61,9,2,4
2025/8/22, ,37,78,10,2,5
2025/8/23, ,43,63,7,2,4
2025/8/24, ,30,47,9,2,4
2025/8/25, ,26,81,13,2,5
2025/8/26, ,33,36,7,2,3
2025/8/27, ,22,42,6,2,3
2025/8/28, ,19,36,5,2,3
2025/8/29, ,29,34,4,2,3
2025/8/30, ,16,47,7,2,5
2025/8/31, ,24,51,11,2,6
2025/9/1, ,27,29,13,2,5
2025/9/2, ,22,46,10,2,5
2025/9/3, ,26,38,11,1,5
2025/9/4, ,23,78,9,2,4
2025/9/5, ,29,83,7,2,6
2025/9/6, ,26,76,15,2,7
2025/9/7, ,43,52,9,2,5
2025/9/8, ,22,33,8,1,6
2025/9/9, ,21,46,7,2,4
2025/9/10, ,24,55,7,2, 
2025/9/11, ,27,62,7,2,6
2025/9/12, ,33,59,10,1,7
2025/9/13, ,38,53,7,1,7
2025/9/14, ,36,53,11,2,6
2025/9/15, ,33,74,7,2,5
2025/9/16, ,28,39,9,2,5
2025/9/17, ,25,38,5,2,4
2025/9/18, ,28,37,6,3,4
2025/9/19, ,31,38,6,2,5
2025/9/20, ,35,40,5,2,4
2025/9/21, ,28,43,6,2,4
2025/9/22, ,25,27,6,2,4
2025/9/23, ,27,19,5, ,4
2025/9/24, ,21,27,5,2,4
2025/9/25, ,21,31,12,2,5
2025/9/26, ,25,43,11,2,6
2025/9/27, ,27,68,9,2,6
2025/9/28, ,31,36,8,2,7
2025/9/29, ,31,31,11,2,7
2025/9/30, ,24,51,9,3,6
2025/6/24, ,34,72,10,1,3
2025/6/25, ,40,86,8,1,4
2025/6/26, ,41,66,9,1,3
2025/6/27, ,41,90,9,2,3
2025/6/28, ,28,73,6,2,2
2025/6/29, ,19,42,4,3,1
2025/6/30, ,21,44,5,2,2
2024/12/31, ,50,34,16,1,3
2024/11/26, ,87,17,13,2,4
2022/1/14, ,58,10,35,1,6
2021/1/21, ,40,23,14, ,5
2021/1/26, ,49,37,20,1,8
2021/1/29, ,55,39,17,3,5
2021/2/17, ,26,32,12,2,5
2021/3/11, ,44,29,18,2,6
2021/3/17, ,63,23,22,1,2
2020/6/15, ,27,45,17, ,4
2019/12/31, ,17,20,17,1,5
2018/12/31, ,29,21,14,2,6
2018/10/27, ,56,18,38,4,8
2018/12/10, ,39,7,18,2,6
2018/8/24, ,29,15,15,2,6
